canonical_smiles,standard_type,standard_value
Cc1cccc(-c2[nH]c(-c3ccnc(N)n3)cc2C(N)=O)c1C,Ki,3981.07
COc1ccc(CNc2c(Nc3ccncc3)c(=O)c2=O)c(OC)c1,Ki,6309.57
Nc1ncnc2onc(-c3ccc(NC(=O)Nc4cccc(C(F)(F)F)c4)cc3)c12,Ki,7943.28
COc1ccc(OC)c(Nc2ccc3nnc(-c4ccccc4)n3n2)c1,Ki,7943.28
CCCn1cc(-c2cnc(N)c3c(-c4ccc(NC(=O)Nc5cccc(F)c5)cc4)csc23)cn1,Ki,7943.28
COc1cccc(C(=O)Nc2n[nH]c3ccc(-c4cn(Cc5ccccc5)nn4)cc23)c1,Ki,3162.28
O=C1Nc2ccccc2Nc2cc(-c3ccncc3F)ccc21,Ki,1000.0
CCOc1nc(C(=O)NCc2ccc(S(C)(=O)=O)cc2)cc(N)c1Cl,Ki,7943.28
c1ccc(Nc2ccnc(Nc3ccccc3)n2)cc1,Ki,19952.62
CC(=O)Nc1c(C(N)=O)sc2ccc(Cl)c(Cl)c12,Ki,3981.07
Cc1cccc(NC(=O)Nc2ccc(-c3csc4nc(N)nc(N)c34)cc2)c1,Ki,7943.28
COc1cccc(C(=O)Nc2cnc3[nH]cc(-c4ccccc4)c3c2)c1,Ki,7943.28
CN(C)CCCN(C)C(=O)c1cccc(-n2nc(C(C)(C)C)cc2NC(=O)Nc2cccc3ccccc23)c1,Ki,1258.93
Cc1cccc(NC(=O)Nc2ccc(-c3cccc(C(N)=O)c3)cc2)c1,Ki,7943.28
NC1CCCCC1Nc1nccc(-c2c[nH]c3ncccc23)n1,Ki,25.12
Cc1c(C)n(Cc2ccccc2)c2ccc(C(=O)Nc3nc[nH]n3)cc12,Ki,251.19
NC(COCc1ccccc1)COc1cncc(C=Cc2ccncc2)c1,Ki,125.89
c1ccc(Cn2cc(-c3ccc4[nH]nc(-c5cn(Cc6ccccc6)nn5)c4c3)nn2)cc1,Ki,7943.28
CCn1c2cc(Cl)c(O)cc2c(=O)c2c(=O)o[nH]c21,Ki,7943.28
O=C(O)c1ccccc1Nc1ccnc(Nc2ccc3cn[nH]c3c2)n1,Ki,1000.0
Nc1ncnn2ccc(C(=O)Nc3ccc(NC(=O)Nc4cccc(F)c4)cc3)c12,Ki,7943.28
c1ccc(Nc2ncnc3ccccc23)cc1,Ki,39810.72
Cc1nc2ccc(NS(=O)(=O)c3ccc(N)cc3)cc2nc1C,Ki,7943.28
OC(COc1cncc(C=Cc2ccncc2)c1)Cc1c[nH]c2ccccc12,Ki,398.11
CSc1c[nH]c2ncnc(NCCCO)c12,Ki,5011.87
CCOc1nc(NC(=O)Cc2cc(OC)ccc2OC)cc(N)c1C#N,Ki,7943.28
CC(C)(CNc1cc(-c2c[nH]c3ncccc23)cc(Cl)n1)CNS(C)(=O)=O,Ki,199.53
O=C(Nc1cnccn1)Nc1ccnc2c(F)cccc12,Ki,7943.28
CCC1C(=O)N(C)c2cnc(Nc3ccc(C(=O)NC4CCN(C)CC4)cc3OC)nc2N1C1CCCC1,Ki,7943.28
COc1ccccc1C(=O)Nc1n[nH]c2ccc(-c3cn(Cc4ccccc4)nn3)cc12,Ki,7943.28
CN1c2ccc(N)cc2C(c2ccccc2)c2cc(N)ccc21,Ki,794.33
OCCNc1cc2cc(-c3cccnc3)ccc2cn1,Ki,7943.28
O=C1NCc2c1cccc2-c1cccs1,Ki,25118.86
Cc1cccc(-c2ccc3c(c2)C(=O)NC3)c1,Ki,50118.72
NS(=O)(=O)c1cccc(Nc2ncc3ccn(-c4ccccc4)c3n2)c1,Ki,1258.93
CCOC(=O)Cc1nc2c3cc(Br)ccc3[nH]c(=O)n2n1,Ki,1000.0
Nc1ncnc2c1C(=O)Nc1ccccc1N2,Ki,50118.72
O=C1CCCc2oc3cc(C(F)(F)F)ccc3c(=O)c21,Ki,7943.28
Clc1cc2nn[nH]c2cc1Cl,Ki,7943.28
CC(C)(CO)CNc1nccc(-c2c(-c3ccc(F)cc3)nc3c(Cl)nccn23)n1,Ki,7943.28
CCc1nc2c(c3cc(OC)c(OC)cc13)C(=O)NC2=O,Ki,7943.28
COc1ccc2c(c1)C(=Cc1c[nH]cn1)C(=O)N2,Ki,7943.28
c1ccc2c(c1)Cc1c[nH]nc1-2,Ki,50118.72
Cc1ccnc(Nc2cc(C)nc(-c3ccccc3)n2)c1,Ki,1258.93
Cn1c(=O)n(-c2ccc(C(C)(C)C#N)cc2)c2c3cc(-c4cnc5ccccc5c4)ccc3ncc21,Ki,1258.93
O=CN(O)C(CS(=O)(=O)c1ccc(-c2ccc(C(F)(F)F)cc2)cc1)c1ccc(O)cc1,Ki,1258.93
Cc1cccc(NC(=O)Nc2ccc(-c3csc4c(C#CCNS(C)(=O)=O)cnc(N)c34)cc2)c1,Ki,7943.28
Cn1cc(-c2cc3nc(Br)cnc3[nH]2)c2cc(C#N)ccc21,Ki,1258.93
Cc1cccc(NC(=O)Cc2ccc(-c3cccc4[nH]nc(N)c34)cc2)c1,Ki,398.11
Cc1ccnc2[nH]c3cc(C(C)C)ccc3c(=O)c12,Ki,1258.93
Fc1ccc(-c2nc3sccn3c2-c2ccncc2)cc1,Ki,7943.28
CCCCNc1n[s+]([O-])nc1Nc1ccc(F)cc1,Ki,7943.28
NC(=O)c1cc2c(-c3ccc(Br)cc3)cncc2s1,Ki,316.23
Nc1ccc(-c2cncc(OCC(N)Cc3c[nH]c4ccccc34)c2)cc1C(=O)c1ccccc1F,Ki,7943.28
Cc1cc(NC(=O)CCNC(=O)Nc2nc(C)c(-c3ccc(-n4cccn4)cc3)s2)no1,Ki,7943.28
COc1ccc(NC(=O)Nc2ccc(-c3csc4c(-c5cnn(CCO)c5)cnc(N)c34)cc2)cc1,Ki,7943.28
COc1ccc(CN(C)C)cc1Nc1nccc(-c2c(-c3cccc(NC(=O)Cc4ccccc4)c3)nc3sccn23)n1,Ki,1258.93
O=c1cc(-c2ccc(F)cc2)[nH]c2c(-c3ccc(F)cc3)cnn12,Ki,7943.28
COc1cc(C=C2SC(=O)NC2=O)ccc1O,Ki,7943.28
CNC(=O)c1cc(Oc2ccc(NC(=O)Nc3cccc(C(F)(F)F)c3)cc2)ccn1,Ki,7943.28
CC(O)Cn1cc(-c2cnc(N)c3c(-c4ccc(NC(=O)Nc5cccc(F)c5)cc4)csc23)cn1,Ki,7943.28
Cc1n[nH]c2c1C(c1ccccc1I)C(C#N)=C(N)O2,Ki,7943.28
NCCOc1cncc(C=Cc2ccncc2)c1,Ki,630.96
Cn1cncc1C(OCc1c(-c2ccc(OC(F)(F)F)cc2)cc(C#N)c(=O)n1C)c1ccc(C#N)cc1,Ki,7943.28
CN(C(=O)C1CCCCC1)c1ccc2c(c1)nc(NC(=O)c1ccc(C#N)cc1)n2C,Ki,7943.28
CCCCNc1cc(-c2c[nH]c3ncccc23)ncn1,Ki,1000.0
CCN1CCN(c2ccc(Nc3ncc(C#N)c(Nc4ccc5[nH]ncc5c4)n3)cc2)CC1,Ki,794.33
N#Cc1ccc2nc(N)n(-c3nc4c(s3)CCCC4)c2c1,Ki,1258.93
Nc1n[nH]c2ccc(-c3nnn(Cc4ccccc4)c3I)cc12,Ki,100.0
NC(=O)C1CCCN(C(=O)c2cc(-c3ccc4[nH]ncc4c3)on2)C1,Ki,7943.28
Cc1cc(=O)[nH]nc1-c1ccc(NC(=O)Nc2cc(C(F)(F)F)ccc2F)cc1,Ki,1258.93
Cc1ccc(NC(=O)Nc2ccc(-c3csc4c(-c5cnn(C(C)C(=O)N(C)C)c5)cnc(N)c34)cc2)cc1,Ki,7943.28
COc1cc2c(Oc3ccc4[nH]c(C)cc4c3F)ncnc2cc1OCCCN1CCCC1,Ki,3981.07
Cc1cc(C)c2c(n1)sc1c(N)ncnc12,Ki,1995.26
CN(C)CCCOc1cc2c(c(-c3ccc(Nc4nc5ccccc5o4)cc3)c1)CNC2=O,Ki,7943.28
CC(=O)Nc1cccc(CNc2c(Nc3ccc4[nH]ncc4c3)c(=O)c2=O)c1,Ki,398.11
Cc1ccc(NC(=O)Nc2ccc(-c3cccc4c3CNC4=O)cc2)cc1C,Ki,7943.28
O=C1NC(=O)C(c2cnc3ccccn23)=C1c1cn2c3c(cccc13)CN(C(=O)N1CCOCC1)CC2,Ki,7943.28
COCC(C)(C)CNc1nccc(-c2c(-c3ccc(F)cc3)nc3c(C)nccn23)n1,Ki,7943.28
O=C1CCCN1Cc1ccc2c(c1)[nH]c(=O)c1cccn12,Ki,7943.28
NC(COc1cncc(-c2ccc3[nH]c(=O)oc3c2)c1)Cc1c[nH]c2ccccc12,Ki,316.23
Cn1cc(-c2cnc(N)c3c(-c4ccc(NC(=O)Nc5ccc(OC(F)F)cc5)cc4)csc23)cn1,Ki,7943.28
Oc1cnc2ccc(-c3ccncc3)cc2c1,Ki,1258.93
CC(Nc1nccc(-c2c(-c3ccc(F)cc3)nc3occn23)n1)c1ccccc1,Ki,7943.28
Cc1cccc(NC(=O)Nc2ccc(-c3csc4c(-c5cnn(CC(C)O)c5)cnc(N)c34)cc2)c1,Ki,7943.28
CN(C)C1CCCC(Nc2nc(Cl)cc(-c3c[nH]c4ncccc34)n2)C1,Ki,19.95
COc1cc2/c(=N/c3ccc(Br)cc3F)nc[nH]c2cc1OCC1CCN(C)CC1,Ki,1258.93
CC(Oc1cc(-c2cnn(C3CCNCC3)c2)cnc1N)c1c(Cl)ccc(F)c1Cl,Ki,1584.89
COCCN(C)C(=O)c1c(-c2ccc3[nH]ncc3c2)nnn1Cc1ccccc1,Ki,316.23
CC(C)(C)Oc1cc(-c2ccncc2)cc2[nH]nc(N)c12,Ki,158.49
O=c1cc(-c2ccncc2)nc(NC2CCCCC2)[nH]1,Ki,3981.07
Cc1ccc(Nc2nccc(N(C)c3ccc4c(C)n(C)nc4c3)n2)cc1S(N)(=O)=O,Ki,1258.93
CCN(CC)CCOc1ccc(-c2nc3c(C(N)=O)cccc3[nH]2)cc1,Ki,7943.28
CC(=O)N1CCN(C2CCC(n3nc(-c4ccc(NC(=O)c5cc6ccccc6n5C)cc4)c4c(N)ncnc43)CC2)CC1,Ki,7943.28
CCCCNC(=O)c1cn(C(CC)CC)c(=O)c2cc(OC)c(OC)cc12,Ki,1258.93
O=C1CC(c2ccc(Cl)cc2Cl)Cc2nc3cc(Cl)ccc3c(O)c21,Ki,7943.28
CCOc1ccccc1C=NNC(=O)c1nnn(-c2nonc2N)c1N1CCCC1,Ki,7943.28
Fc1ccc(-c2nc3occn3c2-c2ccnc(NC3CCNCC3)n2)cc1,Ki,7943.28
O=C(Cc1ccc(Cl)cc1)Nc1[nH]nc2c1CCC2,Ki,7943.28
CC(=O)Nc1cc2ccccn2n1,Ki,50118.72
CC(C)CNC1CCC(Nc2nc(Cl)cc(-c3c[nH]c4ncccc34)n2)CC1,Ki,63.1
Nc1nccc2cnc(-c3ccccc3)n12,Ki,25118.86
Cc1cccc(NC(=O)Nc2ccc(-c3csc4c(C#CCN5CCCC5)cnc(N)c34)cc2)c1,Ki,7943.28
COCCNc1cc(-c2c[nH]c3ncccc23)cc(Cl)n1,Ki,158.49
CC(C)c1cc(=O)[nH]c2[nH][nH]c(=O)c12,Ki,50118.72
c1cc2cc(-c3ccc4cn[nH]c4c3)cnc2[nH]1,Ki,7943.28
Cc1ccc(C(=O)Nc2c(C(N)=O)sc3ccc(Cl)c(Cl)c23)cc1,Ki,3162.28
O=C(Nc1cccc(C(F)(F)F)n1)Nc1ccnc2cc(OC(F)F)ccc12,Ki,1258.93
O=C(O)c1cc2c(-c3cccc(F)c3)cncc2s1,Ki,7943.28
CC(C)(CO)CCCNc1cc(-c2c[nH]c3ncccc23)cc(Cl)n1,Ki,31.62
O=C(Nc1cccc(Cl)c1)Nc1ncc(CCNc2ncnc3ccsc23)s1,Ki,3162.28
Oc1ccc(Nc2ncnc3scc(Cl)c23)cc1,Ki,7943.28
O=C(Nc1cccc(-c2nc3sccn3c2-c2ccnc(Nc3cccc(N4CCOCC4)c3)n2)c1Cl)c1ccccc1F,Ki,1258.93
CCOc1nc(C(=O)NCc2ccccc2S(N)(=O)=O)cc(N)c1Cl,Ki,7943.28
CC(C)(C)c1cc(NC(=O)Nc2cccc3ccccc23)n(-c2cccc(C(=O)NCC#N)c2)n1,Ki,7943.28
Nc1noc2cccc(-c3cccc(O)c3)c12,Ki,2511.89
CC(C)NC(=O)COc1cccc(-c2nc(Nc3ccc4[nH]ncc4c3)c3ccccc3n2)c1,Ki,7943.28
CCNc1nc2cc(Cl)c(OC)cc2nc1NCC,Ki,7943.28
CCCCC(=O)Nc1cc(-c2c[nH]c3ncccc23)cc(Cl)n1,Ki,316.23
O=C(Nc1cccc(C(F)(F)F)n1)Nc1ccnc2c(F)ccc(F)c12,Ki,1258.93
Cc1ccc(Nc2nccc(Nc3ccccc3C(=O)O)n2)cc1F,Ki,7943.28
CCc1c(-c2ccc(C(C)=O)cc2)[nH]c2nccnc12,Ki,1258.93
COc1cccc(C(C)NC(=O)c2ccc(-c3ccncc3)cc2)c1,Ki,12.59
NC(=O)c1ccccc1Nc1nc(Nc2ccccc2)ncc1C(F)(F)F,Ki,199.53
CN(C)c1cc2sncc2cc1NC(=O)C(=O)O,Ki,6309.57
Cc1c[nH]c2nccc(Oc3c(F)cc(Nc4cc(Cl)nc(N)n4)cc3F)c12,Ki,125.89
c1ccc(CNc2nc(Nc3cc(C4CC4)[nH]n3)c3sccc3n2)cc1,Ki,63.1
COc1cccc(C(C)NC(=O)c2ccc(-c3ccncc3)c(C)c2)c1,Ki,79.43
Cc1ccc(NC(=O)Nc2ccc(-c3coc4ncnc(N)c34)cc2)cc1,Ki,7943.28
Cc1ccc(-n2nc(C)c3c(=O)c4cc(Cl)ccc4n(O)c32)cc1,Ki,7943.28
NC(=O)c1sc2c(Br)ccc(Cl)c2c1N,Ki,2511.89
O=c1c(NCc2ccc(Cl)c(Cl)c2)c(Nc2ccncc2)c1=O,Ki,158.49
COc1cc(C=C2SC(=S)NC2=O)ccc1O,Ki,7943.28
CNC(=O)C=Cc1cnc(N)c2c(-c3cc(F)c4[nH]c(C)cc4c3)csc12,Ki,7943.28
COc1cc(S(C)(=O)=O)c(OC)cc1CC(=O)Nc1cc(N)c(C#N)c(OC(C)C)n1,Ki,7943.28
O=C(Nc1cnc2[nH]cc(-c3ccccc3)c2c1)c1c(F)cccc1F,Ki,7943.28
NC(=O)c1cccc2[nH]c(-c3ccc(C4CCCNC4)cc3F)nc12,Ki,7943.28
CCc1cccc(NC(=O)Nc2ccc3c(c2)CCc2sc4ncnc(N)c4c2-3)c1,Ki,7943.28
O=c1[nH]c2cc(Br)cnc2[nH]1,Ki,50118.72
CNC(=O)c1cnc(N)c2c(-c3ccc(NC(=O)Nc4cccc(Cl)c4)cc3)csc12,Ki,7943.28
Cc1cc(Nc2nc(Cl)cc(NCc3ccccc3)n2)n[nH]1,Ki,1258.93
O=C(Nc1cccc(C(F)(F)F)n1)Nc1ccnc2c(Cl)c(Cl)ccc12,Ki,7943.28
Fc1ccc(-c2ncn(CCN3CCOCC3)c2-c2ccc3[nH]ncc3c2)cc1,Ki,7943.28
Cn1c(NCC(N)Cc2ccccc2)nc(-c2ccncc2)c(-c2ccc3ccccc3c2)c1=O,Ki,1995.26
COCC(C)Nc1cc(-c2c[nH]c3ncccc23)cc(Cl)n1,Ki,251.19
CC(=NNC(=N)N)c1cc(NC(=O)NCCCN(C)CCCNC(=O)Nc2cc(C(C)=NNC(=N)N)cc(C(C)=NNC(=N)N)c2)cc(C(C)=NNC(=N)N)c1,Ki,7943.28
O=C(NCc1ccc(Cl)cc1)c1cc2c(-c3ccccc3)n[nH]c2s1,Ki,7943.28
O=C(NC(CO)c1cc(Cl)cc(Cl)c1)c1ccc(-c2ccncc2)cc1,Ki,199.53
c1ccc(-c2n[nH]cc2-c2ccncc2)cc1,Ki,794.33
O=C(NS(=O)(=O)c1ccc(NCCSc2ccc(O)cc2)c([N+](=O)[O-])c1)c1ccc(-c2ccc(F)cc2)cc1,Ki,7943.28
[2H]C([2H])([2H])Oc1cccc(C(C)NC(=O)c2sc(-c3ccncc3)nc2C)c1,Ki,1258.93
Cc1cc(-c2ccccc2)n(-c2cc(NN=Cc3ccco3)ncn2)n1,Ki,7943.28
NC(=O)c1cc(-c2ccnc(N)n2)[nH]c1-c1ccc(Cl)cc1F,Ki,3162.28
Cc1cccc(NC(=O)Nc2ccc(-c3csc4c(C#CCCCCCCCCN)cnc(N)c34)cc2)c1,Ki,199.53
O=c1c(NCc2ccc(Cl)cc2)c(Nc2ccncc2)c1=O,Ki,501.19
COc1cc(-c2ccc3c(c2)Nc2ccc(C(=O)NCc4cccc(F)c4)cc2NC3=O)ccc1O,Ki,7943.28
Cc1cccc(NC(=O)Nc2ccc(-c3csc4c(-c5cnn(C)c5)cnc(N)c34)cc2)c1,Ki,7943.28
CC(=O)n1ncc2cc(N)ccc21,Ki,50118.72
Cc1cc(O)nc2[nH]nc(-c3cccc(-c4ccc(Cl)cc4)c3)c12,Ki,1258.93
Cc1nn(C)c2c1c(=O)c1cc(Cl)ccc1n2OCC(C)C,Ki,3981.07
Cc1nc2ccccn2c1-c1csc(Nc2ccc(O)cc2)n1,Ki,7943.28
OCc1cc(-c2ccc3[nH]ncc3c2)on1,Ki,5011.87
NC(=O)c1cc(-c2ccnc(N)n2)[nH]c1-c1ccc(Cl)cc1Cl,Ki,398.11
COc1ccc(-c2cc3nccn3c(Nc3ccccc3C(N)=O)n2)cc1OC,Ki,7943.28
CC(C)n1nnc2ccc(-c3c(-c4ccc(F)cc4F)nc4occn34)cc21,Ki,7943.28
Nc1ncnc2sc(Br)c(-c3ccc(NC(=O)Cc4cccc(Cl)c4)cc3)c12,Ki,7943.28
CC(=O)NC1CCN(c2nc3[nH]cc(C(=O)O)c(=O)c3c(C)c2F)C1,Ki,7943.28
O=C(Cc1ccccc1)Nc1cccc(-c2nc3sccn3c2-c2ccnc(Nc3cccc(N4CCCC4=O)c3)n2)c1,Ki,7943.28
Cc1nccn2c(-c3ccnc(NCC(C)(C)C(=O)O)n3)c(-c3ccc(F)cc3F)nc12,Ki,7943.28
Cc1ccc2c(c1)NC(=O)c1ccccc1N2,Ki,7943.28
CC(C)(O)CNc1nccc(-c2c(-c3ccc(F)cc3F)nc3c(CC4CC4)nccn23)n1,Ki,7943.28
CNC1CC2OC(C)(C1OC)n1c3ccccc3c3c4c(c5c6ccccc6n2c5c31)C(=O)NC4,Ki,0.7943
CCN(CC)CCNC(=O)C=Cc1cnc(N)c2c(-c3ccc(NC(=O)Nc4cccc(C)c4)cc3)csc12,Ki,7943.28
COc1cc(C)c(Cl)cc1NC(=O)Nc1cnc(C#N)cn1,Ki,7943.28
Cc1ccccc1NC(=O)Nc1ccc2c(c1)CCc1sc3ncnc(N)c3c1-2,Ki,7943.28
Nc1ncnc2c1sc1ncnc(N)c12,Ki,1584.89
O=C1NCc2c1cccc2-c1ccc(Nc2nc3ccccc3o2)cc1,Ki,7943.28
OCC(CO)Nc1ncnc2[nH]cc(-c3ccccc3)c12,Ki,1584.89
CCS(=O)(=O)Nc1ccc(-c2ccc3[nH]nc(N)c3c2)cc1,Ki,7943.28
CN(C)CC(C)(C)CNc1nccc(-c2c(-c3ccc(F)cc3)nc3cnccn23)n1,Ki,7943.28
NC(COc1cncc(-c2ccc(F)cc2)c1)Cc1c[nH]c2ccccc12,Ki,7943.28
Nc1nonc1-n1nnc(C(=O)NN=Cc2cccs2)c1-c1cccs1,Ki,7943.28
O=c1[nH]cnc2c(Cl)cccc12,Ki,10000.0
CC1=NN(c2ccccc2)C(=O)C1=Cc1c(C)c(C#N)c2nc3ccccc3n2c1O,Ki,7943.28
CC(C)Oc1ccc(-c2noc(-c3ccc(NC4CCC(C(=O)O)C4)cc3)n2)cc1Cl,Ki,7943.28
NC(=O)c1cc2c(Oc3ccc(Br)cc3)cncc2s1,Ki,3981.07
Cc1cc(C)c(C)c(OCCCc2c(C(=O)O)[nH]c3c(-c4ccccc4C)cccc23)c1,Ki,7943.28
OCCCn1cnc(-c2ccc(F)cc2)c1-c1ccncc1,Ki,7943.28
COc1cccc(C(C)NC(=O)c2ccc(-c3ccncn3)cc2)c1,Ki,398.11
O=C1Nc2ccccc2Nc2ccccc21,Ki,50118.72
CC1CCN(C(=O)CO)CC1N(C)c1ncnc2[nH]ccc12,Ki,7943.28
Cc1cccc(CNc2cc(-c3c[nH]c4ncccc34)ncn2)c1,Ki,158.49
CC(C)(c1cc(Br)c(O)c(I)c1)c1cc(Br)c(O)c(I)c1,Ki,1258.93
CN(C)CC(O)COc1ccc(Nc2nccc(Nc3cc(Cl)ccc3Cl)n2)cc1,Ki,1258.93
O=C(Nc1cnccn1)Nc1ccnc2ccccc12,Ki,7943.28
Cc1n[nH]c2ccc(-c3cncc(OCCNS(C)(=O)=O)c3)cc12,Ki,6309.57
CC(N)COc1cnc(Cl)c(C=Cc2ccncc2)c1,Ki,251.19
CC(C)(C)c1cc(NC(=O)C(=O)c2cccc3ccccc23)n(-c2ccc(OCC(=O)O)cc2)n1,Ki,1258.93
Cc1cc(C)cc(NC(=O)Nc2ccc(-c3cccc4snc(N)c34)cc2)c1,Ki,7943.28
COc1ccc(Nc2nccc(Nc3c(NC(C)C(C)(C)C)c(=O)c3=O)n2)cc1OC,Ki,7943.28
O=C(O)c1c2c(nc3ccccc13)C(=C1CCCC1)CC2,Ki,7943.28
Clc1cc(-c2c[nH]c3ncccc23)nc(NC2CCOCC2)n1,Ki,158.49
Cc1cccc(NC(=O)Nc2ccc(-c3csc4c(C#CCCCCCCCCN)cnc(N)c34)cc2)c1,Ki,199.53
Cn1cc(-c2cc3nc(Br)cnc3[nH]2)c2ccccc21,Ki,1258.93
CN(C)c1ccc(-c2c(-c3ccc4[nH]nc(N)c4c3)nnn2Cc2ccccc2)cc1,Ki,630.96
c1ccc(Cc2cc(-c3ccc4[nH]ncc4c3)on2)cc1,Ki,316.23
O=C1NCCc2[nH]c(-c3ccncc3)cc21,Ki,1995.26
Cc1nccn2c(-c3ccnc(NCCC(C)(C)O)n3)c(-c3ccc(F)cc3F)nc12,Ki,7943.28
COc1cc(C=C2SC(=Nc3ccccc3)NC2=O)ccc1O,Ki,7943.28
O=C(Nc1n[nH]c2nc3ccccc3cc12)c1ccncc1,Ki,7943.28
O=C(NC(CO)Cc1ccc(Cl)cc1)c1ccc(-c2ccncc2)cc1,Ki,501.19
FC(F)(F)c1ccc(Cn2cc(-c3ccc4[nH]ncc4c3)nn2)c(C(F)(F)F)c1,Ki,5011.87
Cc1ccc(Cn2cc(-c3ccc4[nH]ncc4c3)nn2)c(C)c1,Ki,100.0
CCCC(=O)Nc1cc(-c2c[nH]c3ncccc23)cc(Cl)n1,Ki,199.53
CNCC(=O)NC1CCC(Nc2nc(Cl)cc(-c3c[nH]c4ncccc34)n2)CC1,Ki,12.59
CN(Cc1ccccc1)c1cc(-c2c[nH]c3ncccc23)cc(Cl)n1,Ki,39.81
COc1ccccc1-c1ccnc(Nc2cccc(S(C)(=O)=O)c2)n1,Ki,1258.93
CCOC(=O)C1=C(N)n2c(sc(=Cc3cccs3)c2=O)=C(C(N)=O)C1c1cccs1,Ki,7943.28
COc1cccc(Nc2ncnc3ccccc23)c1,Ki,19952.62
Cn1cc(-c2ccncn2)c(-c2ccc(F)cc2)n1,Ki,7943.28
O=C(Cc1ccccc1)Nc1cccc(-c2nc3sccn3c2-c2ccnc(Nc3cccc(N4CCOCC4)c3)n2)c1,Ki,7943.28
O=C(Nc1nc2ccccc2n1CCCO)c1cccc([N+](=O)[O-])c1,Ki,7943.28
O=C(Nc1ccc(-c2ccc3cn[nH]c3c2)cc1)Nc1cccc(F)c1,Ki,1258.93
COc1cccc(C(C)NC(=O)c2sc(-c3ccncc3)nc2C)c1,Ki,1258.93
Nc1ncnc2sc3c(c12)-c1ccc(NC(=O)Nc2ccccc2)cc1CC3,Ki,7943.28
O=C1Nc2ccccc2C1=Cc1ccc[nH]1,Ki,1258.93
O=C(NNC(=S)Nc1ccc(F)cc1)C(O)(c1ccccc1)c1ccccc1,Ki,7943.28
CCOc1nc(C(=O)NCc2ccc(S(C)(=O)=O)cc2)cc(N)c1C#N,Ki,5011.87
Cc1cccc(NC(=O)Nc2ccc(-c3csc4c(C#Cc5cccnc5)cnc(N)c34)cc2)c1,Ki,7943.28
Cc1ccc(-n2nc(C(C)(C)C)cc2NC(=O)Nc2ccc(OCCN3CCOCC3)c3ccccc23)cc1,Ki,1995.26
CC(C)(C)c1n[nH]c2c1C(c1ccccc1F)C(C#N)=C(N)O2,Ki,7943.28
O=C(O)c1ccccc1Nc1ncnc(Nc2ccc(F)cc2)n1,Ki,3981.07
CC(=O)NCC(=O)N1C2CCC1c1cc(Nc3ncc(C(F)(F)F)c(NC4CCC4)n3)ccc12,Ki,125.89
OCCNc1cc2cc(-c3ccsc3)ccc2cn1,Ki,7943.28
O=C(NCc1ccc(Cl)cc1)Nc1cccc2[nH]ncc12,Ki,7943.28
CCCCNc1cc(-c2ccncc2)cc2[nH]nc(N)c12,Ki,398.11
O=c1[nH]cc(I)c2nc(-c3cccc(Cl)c3)cn12,Ki,7943.28
Cc1cccc(C2(c3cccc(C)c3)CC2C(=O)Nc2ccncc2)c1,Ki,3162.28
Nc1ccc(-c2csc3c(C=Cc4nc5ccccc5[nH]4)cnc(N)c23)cc1,Ki,7943.28
Nc1ncnc2scc(-c3ccccc3)c12,Ki,7943.28
O=c1[nH][nH]c2ccc(Br)cc12,Ki,19952.62
CN1CCN(c2nc(C3=C(c4c[nH]c5ccccc45)C(=O)NC3=O)c3ccccc3n2)CC1,Ki,1258.93
NC(=O)c1cc2c(-c3ccc(Nc4nc5ccccc5o4)cc3)cnc(N)c2s1,Ki,630.96
CC1CSc2c(C(=O)O)c(=O)c3cc(F)c(N4CCC(N)C4)cc3n21,Ki,7943.28
Nc1ncnc2c1c(-c1cccc(OCc3ccccc3)c1)cn2C1CCC(N2CCCC2)CC1,Ki,7943.28
CCCCOc1cc(-c2ccncc2)cc2[nH]nc(N)c12,Ki,1258.93
Oc1ccc(-c2n[nH]c(Nc3cccc(Cl)c3)c2-c2ccc(O)cc2)cc1,Ki,2511.89
CNc1ncnc2c1N=C(c1ccc(NC(=O)Nc3cccc(C(F)(F)F)c3)cc1)CCN2,Ki,7943.28
NC(COc1cncc(-c2ccc3cnccc3c2)c1)Cc1c[nH]c2ccccc12,Ki,1258.93
CC(C)Oc1cc(Nc2nc(NC(C)c3ccc(F)cn3)ncc2Cl)n[nH]1,Ki,1258.93
COc1ccc(C=C2C(=O)ON=C2c2ccc(Br)cc2)cc1OC,Ki,7943.28
Cc1c(NC(=O)c2ccc(C(C)(C)C)cc2)cccc1-c1cc(Nc2ccc(C(=O)N3CCOCC3)cn2)c(=O)n(C)c1,Ki,1258.93
NC(=O)c1cn(-c2ccc(O)cc2Cl)c2cc(-c3ccncc3)ccc2c1=O,Ki,63.1
CN(C)C1CCC(Nc2nc(Cl)cc(-c3c[nH]c4ncccc34)n2)CC1,Ki,25.12
CC(C)(CO)c1nnc2ccc(-c3c(-c4ccc(F)cc4F)nc4n3CCC4)nn12,Ki,7943.28
COC(=O)c1c(N)nc2ccccn12,Ki,10000.0
CC(C)NC1=NNC(=O)C1=Cc1cc2ccccc2[nH]1,Ki,1258.93
NCCCn1cc(-c2cc(-c3cc4ccccc4s3)c3[nH]ncc3c2)c2nc(N)ncc21,Ki,39.81
OCCCNc1ncnc2[nH]cc(-c3ccccc3)c12,Ki,3981.07
COc1ccc2c(NC(=O)Nc3cc(C(F)(F)F)ccn3)ccnc2c1,Ki,7943.28
COc1cc(OC)cc(C(=O)Nc2n[nH]c3ccc(-c4cn(Cc5ccccc5)nn4)cc23)c1,Ki,3981.07
CCN(CC)C(=O)Nc1ccc2nc(-c3ccco3)c(-c3ccco3)nc2c1,Ki,7943.28
Cc1ccc2nccc(NC(=O)Nc3cccc(C(F)(F)F)n3)c2c1,Ki,7943.28
OCCNc1cc2cc(-c3ccccc3)ccc2cn1,Ki,7943.28
O=C(Nc1cccc(C(F)(F)F)n1)Nc1ccnc2c(Cl)cccc12,Ki,7943.28
Oc1ccc(-c2nc(-c3ccc(F)cc3)c(-c3ccncc3)[nH]2)cc1,Ki,1000.0
COCCOC1CCC(n2nc(-c3ccc(Nc4nc5cc(C)cc(C)c5o4)cc3)c3c(N)ncnc32)CC1,Ki,5011.87
NC1CCCC(Nc2nc(Cl)cc(-c3c[nH]c4ncccc34)n2)C1,Ki,10.0
CCn1c(-c2nonc2N)nc2cncc(C(=O)N3CCC(N)C3)c21,Ki,3.162
Nc1ncnc2c1c(I)nn2C1CCC(O)CC1,Ki,5011.87
Cc1cc(C)cc(NC(=O)Nc2ccc(-c3c(C)sc4ncnc(N)c34)cc2)c1,Ki,7943.28
COc1ccc(C=NNc2ncnc3c2[nH]c2ccccc23)cc1OC,Ki,7943.28
CC(C)(C)c1ccc2nc(-c3n[nH]c4ccccc34)[nH]c2c1,Ki,6309.57
c1ccc(-c2ccnc3[nH]ccc23)cc1,Ki,158.49
Cc1cccc(NC(=O)Nc2ccc(-c3csc4ncnc(N)c34)cc2)c1,Ki,7943.28
Cc1nn(C)c2sc(C(N)=O)c(N)c12,Ki,39810.72
COc1ccc(-c2cc3nccn3c(Nc3ncccc3C(N)=O)n2)cc1OC,Ki,7943.28
CNCC#Cc1cnc(N)c2c(-c3ccc(NC(=O)Nc4cccc(C)c4)cc3)csc12,Ki,1258.93
ON=C(c1nc2ccccc2[nH]1)c1nc2ccccc2[nH]1,Ki,630.96
Cc1cccc(NC(=O)Nc2ccc(-c3cncc4c3c(N)nn4C)cc2)c1,Ki,7943.28
CC(C)Cc1cc(-c2ccc3[nH]nc(N)c3c2)on1,Ki,1995.26
Cc1n[nH]c2ccc(-c3cncc(OCCN)c3)cc12,Ki,251.19
CC(=O)c1cccc(-c2cnc3[nH]ccc3c2)c1,Ki,3981.07
Cc1ccc(NC(=O)Nc2ccc(-c3csc4ncnc(N)c34)cc2)cc1C,Ki,7943.28
Nc1nc(=O)[nH]c2sccc12,Ki,50118.72
Fc1cccc(-c2c[nH]c3ncccc23)c1,Ki,2511.89
CN(c1ncccc1CNc1nc(Nc2ccc3c(c2)CC(=O)N3)ncc1C(F)(F)F)S(C)(=O)=O,Ki,158.49
O=C(O)c1ccccc1Nc1ccnc(Nc2cccc(F)c2)n1,Ki,630.96
NC(=O)c1ccc(-c2ccnc(N)n2)cc1N1CCCCC1,Ki,7943.28
O=C(Nc1ccccc1)Nc1ccccn1,Ki,50118.72
O=C(Nc1ccc2[nH]ncc2c1)c1ccc(Cl)cc1,Ki,7943.28
CC(C)Oc1nccn2c(-c3ccnc(NCC(C)(C)CO)n3)c(-c3ccc(F)cc3F)nc12,Ki,7943.28
Cc1ccc(NC(=O)Nc2ccc(NC(=O)c3csc4ncnc(N)c34)cc2)cc1,Ki,7943.28
O=C(NN=Cc1ccc(Sc2nc3ccccc3[nH]2)o1)c1cccc([N+](=O)[O-])c1,Ki,7943.28
O=c1cc(-c2ccncc2)nc(NCc2cc(F)cc(F)c2)[nH]1,Ki,6309.57
Cc1cc(Cl)ccc1NC(=S)NNC(=O)C(O)(c1ccccc1)c1ccccc1,Ki,7943.28
C(=NNc1nc2ccccc2[nH]1)c1c[nH]c2ccccc12,Ki,7943.28
N#CC1=C(N)n2c(sc(=Cc3ccco3)c2=O)=C(C(N)=O)C1c1ccco1,Ki,7943.28
O=S(=O)(c1cccc2cnccc12)N1CCCNCC1,Ki,79.43
CC(C)=C(C)c1cccc2c(CCCOc3cccc(Cl)c3Cl)c(C(=O)O)[nH]c12,Ki,7943.28
CCC(N)(C#Cc1cnc(N)c2c(-c3ccc(NC(=O)Nc4cccc(C)c4)cc3)csc12)CC,Ki,7943.28
COc1ccc(-n2ccc3cnc(Nc4cc(OC)c(OC)c(OC)c4)nc32)cc1,Ki,630.96
NC(=O)c1cc2c(-c3cc(C(F)(F)F)cc(C(F)(F)F)c3)cncc2s1,Ki,7943.28
COCCN(CCOC)c1cc(-c2c[nH]c3ncccc23)cc(Cl)n1,Ki,501.19
Nc1ncc2cccc(-c3ccccc3)n12,Ki,39810.72
Cc1ccc(F)c(-c2ccc3nnc(N)n3c2)c1,Ki,7943.28
c1ccc(C2CCc3[nH]ncc3C2)cc1,Ki,31622.78
CNCCOc1cncc(-c2ccc3[nH]nc(C)c3c2)c1,Ki,794.33
CC(C)(C)OC(=O)n1ncc2cc(Nc3c(NCc4ccc(Cl)cc4Cl)c(=O)c3=O)ccc21,Ki,794.33
Cc1ccccc1-c1c(C(=O)O)n(CCCOc2cccc3ccccc23)c2ccccc12,Ki,7943.28
CC(C)(C)c1nc2c3ccc(F)cc3c3c(=O)[nH]ccc3c2[nH]1,Ki,501.19
CCN1CCN(CCCC(=O)Nc2n[nH]c3nnc(-c4cccc(F)c4F)cc23)CC1,Ki,7943.28
COc1cc(-c2csc3c(C=CC(=O)NCCN(C)C)cnc(N)c23)ccc1NC(=O)c1cc2ccccc2n1C,Ki,1258.93
OCCCn1cnc(-c2ccccc2)c1-c1ccncc1,Ki,7943.28
Nc1ccc(-c2cncc(OCC(N)Cc3c[nH]c4ccccc34)c2)cc1C(=O)c1cccc(Cl)c1,Ki,7943.28
COc1cccc(C(C)NC(=O)c2ccc(-c3ccncc3)cc2NCCCN)c1,Ki,79.43
CCCS(=O)(=O)Nc1ccc(-c2ccc3[nH]nc(NC(C)=O)c3c2)cc1,Ki,7943.28
Nc1n[nH]c2ccc(-c3nnn(Cc4ccccc4)c3C3CC3)cc12,Ki,630.96
CCOC(=O)c1cccc2[nH]c(-c3ccc(N4CCC(N)C4)cc3)nc12,Ki,7943.28
Cc1nc(Nc2ncc(C(=O)Nc3c(C)cccc3Cl)s2)cc(N2CCN(CCO)CC2)n1.O,Ki,3981.07
NC(=O)Cn1cc(-c2cc(-c3cc4ccccc4s3)c3[nH]ncc3c2)c2nc(N)ncc21,Ki,630.96
Cc1nccn2c(-c3ccnc(NCC(C)(C)O)n3)c(-c3ccc(F)cc3F)nc12,Ki,2511.89
COc1cccc(NC(=O)N2CCC(c3nc4c(C(N)=O)cccc4[nH]3)CC2)c1,Ki,1000.0
Cc1cccc(NC(=O)Nc2ccc(-c3csc4c(-c5cnn(CC(C)O)c5)cnc(N)c34)cc2)c1,Ki,5011.87
c1cnc2nc(-c3ccc4[nH]ncc4c3)cn2c1,Ki,5011.87
N#Cc1ncc2nc1OCCCCCOc1cc(OCCO)c(Cl)cc1NC(=O)N2,Ki,7943.28
O=c1nc(-c2cc3c(Oc4ccc(I)cc4)cncc3s2)[nH]o1,Ki,3981.07
Cc1ccccc1-c1c(-c2ccc3[nH]nc(N)c3c2)nnn1Cc1ccccc1,Ki,7.943
COc1cc(N2CCN(C)CC2)ccc1C(=O)Nc1n[nH]c2ccc(Cc3cc(F)cc(F)c3)cc12,Ki,1995.26
CC(C)(C)c1cc(NC(=O)Nc2cccc3ccccc23)n(-c2cccc(C(=O)NCCCCO)c2)n1,Ki,1258.93
N#Cc1ncc2nc1OCCCCCOc1cc(OCCCO)c(Cl)cc1NC(=O)N2,Ki,7943.28
N#Cc1ccc(NC(=O)Nc2ccnc3cc(C(F)(F)F)ccc23)nc1,Ki,7943.28
CCOc1ccc(-c2nc3sccn3c2-c2ccnc(Nc3cccc(N4CCOCC4)c3)n2)cc1NC(=O)Cc1ccccc1,Ki,1258.93
COc1cccc(OC)c1CNc1nc(NC2CCCCC2)nc2ccc(Cl)cc12,Ki,1258.93
CN(CCN)C(=O)c1cccc(-n2nc(C(C)(C)C)cc2NC(=O)Nc2cccc3ccccc23)c1,Ki,1258.93
O=C1Nc2ccccc2Nc2nnc(I)cc21,Ki,7943.28
COc1cc(-c2ccc3c(c2)Nc2ccc(C(=O)NCCCN(C)C)cc2NC3=O)ccc1O,Ki,1258.93
NC(=O)c1ccc(Nc2ncnc3[nH]cc(-c4ccccc4)c23)cc1,Ki,1995.26
OCCNc1cc2cc(-c3ccncc3)ccc2cn1,Ki,7943.28
COc1ccc(-c2ccc(NC(=O)Nc3cc(F)cc(F)c3)cc2)c2c(N)noc12,Ki,7943.28
Cc1ccc(-c2ccc(NC(=O)Nc3cccc(Br)c3)cc2)c2c(N)n[nH]c12,Ki,7943.28
N#CCC(C1CCCC1)n1cc(-c2ncnc3[nH]ccc23)cn1,Ki,199.53
NC(=O)c1ccc(-c2c[nH]c3nccc(Cl)c23)cc1,Ki,79.43
FC(F)(F)Oc1ccc(-c2ccc3[nH]cc(C4=CCNCC4)c3c2)cc1,Ki,7943.28
Cc1cccc(NC(=O)Nc2ccc(-c3csc4c(-c5cn[nH]c5)cnc(N)c34)cc2)c1,Ki,5011.87
CCc1nc(Nc2ccc(N3CCOCC3)c(Cl)c2)nc2[nH]ccc12,Ki,1258.93
Nc1n[nH]c2ccc(-c3cn(Cc4ccccc4)nn3)cc12,Ki,316.23
COc1cc(C=C(C#N)c2nc3ccccc3[nH]2)c(Br)cc1O,Ki,7943.28
CCN(CC)CC#Cc1ccc2c(c1)-c1[nH]nc(-c3ccc(C#N)nc3)c1C2,Ki,7943.28
CNC(=O)N1CCN(CCCOc2ccc3c(c2)-c2[nH]nc(-c4ccc(C#N)nc4)c2C3)CC1,Ki,7943.28
O=C1Cc2c([nH]c3ccc([N+](=O)[O-])cc23)-c2ccccc2N1,Ki,3981.07
CC(C)(C)Nc1ncnc2[nH]cc(-c3ccccc3)c12,Ki,316.23
Cc1cnc(Nc2cccc(S(N)(=O)=O)c2)nc1Nc1ccc(OCC(N)=O)cc1,Ki,501.19
CCN1CCN(c2ccc(Nc3nccc(-c4c(-c5cccc(C(=O)Nc6ccccc6F)c5)nc5ccccn45)n3)cc2)CC1,Ki,7943.28
NC(=O)c1ccc(NC2CCCCC2N)nc1Nc1cccc(Cl)c1,Ki,1258.93
Cc1ccc(-c2cc3nc(Br)cnc3[nH]2)cc1,Ki,1258.93
Nc1ncnc2c1c(-c1cnc3[nH]ccc3c1)nn2C1CCCC1,Ki,794.33
COc1ccc(NC(=O)Nc2ccc(-c3csc4c(-c5cnn(CC(O)CO)c5)cnc(N)c34)cc2)cc1,Ki,794.33
O=c1cc(-c2cccc(F)c2)[nH]c2c(-c3ccc(F)cc3)cnn12,Ki,7943.28
COc1nccn2c(-c3ccnc(NCC(C)(C)CO)n3)c(-c3ccc(F)cc3)nc12,Ki,3981.07
CCOc1nc(C(=O)NCc2ccncc2)cc(N)c1C#N,Ki,7943.28
Nc1c(-c2ccccc2)c2cc(Cl)ccc2[nH]c1=O,Ki,7943.28
CC(Nc1c(Nc2ccncc2)c(=O)c1=O)C1CCCCC1,Ki,7943.28
O=c1[nH]c2sc3c(c2c2nc(-c4ccccc4)nn12)CCCC3,Ki,7943.28
Cc1cc(=O)[nH]nc1-c1ccc(NC(=O)Nc2cc(C(F)(F)F)ccc2F)c(Cl)c1,Ki,1258.93
OC1CCCC(Nc2cc(Cl)nc(-c3c[nH]c4ncccc34)n2)C1,Ki,79.43
CCOc1nc(NC(=O)Cc2cc(OC)c(S(C)(=O)=O)cc2OC)cc(N)c1C#N,Ki,7943.28
COc1cccc(C(C)NC(=O)c2cnc(-c3ccncc3)s2)c1,Ki,630.96
c1ccc(Cn2cc(-c3ccc4[nH]nc(-c5ccccc5)c4c3)nn2)cc1,Ki,3981.07
COc1cc2ncnc(Nc3ccc(F)c(Cl)c3)c2cc1OCCCN1CCOCC1,Ki,5011.87
COc1cccc(C(C)NC(=O)N2CC=C(c3c[nH]c4ncccc34)CC2)c1,Ki,12.59
CCNc1nc(C)c(-c2ccnc(Nc3ccc(N4CCN(C(C)=O)CC4)cc3)n2)s1,Ki,501.19
COc1cccc(C(C)NC(=O)c2ccc(-c3ccncc3)cc2)c1,Ki,7943.28
Cc1ccc(F)c(NC(=O)Nc2ccc(-c3cncc4c3c(N)nn4C)cc2)c1,Ki,7943.28
c1ccc(Nc2nc(-c3ccc4[nH]ncc4c3)cs2)cc1,Ki,7943.28
CC(C)(O)Cc1nnc2ccc(-c3c(-c4ccc(F)cc4F)nc4occn34)nn12,Ki,7943.28
NC(=O)c1ccc(-c2ccncc2)cc1NCc1cccc(F)c1,Ki,7943.28
c1ccc(COc2ccc(Nc3ncnc4ccccc34)cc2)cc1,Ki,7943.28
Cc1c(C=O)c(O)n2c(nc3ccccc32)c1C#N,Ki,7943.28
COc1cncc(C=Cc2ccncc2)c1,Ki,3162.28
O=C1Nc2ccccc2Nc2cc(-c3ccncc3Cl)ccc21,Ki,794.33
Cc1cc(C)c(C=C2C(=O)Nc3ccccc32)[nH]1,Ki,7943.28
NC(COc1cncc(C=Cc2ccncc2)c1)Cc1ccccc1,Ki,125.89
NC(=O)c1cnn2c(-c3ccccc3)ccnc12,Ki,50118.72
Fc1cccc(CNc2ncnc3[nH]cnc23)c1,Ki,10000.0
CCOc1ccccc1-c1cccc(-c2n[nH]c3nc(O)cc(C)c23)c1,Ki,1258.93
OCCn1cc(-c2cnc3nnn(Cc4ccc5ncccc5c4)c3n2)cn1,Ki,1258.93
CC(C)(C)c1cnc(CSc2cnc(NC(=O)C3CCNCC3)s2)o1,Ki,1995.26
COc1cc(-c2ccc3c(c2)Nc2ccc(CCOc4ccc(N5CCOCC5)cc4)cc2NC3=O)ccc1OCC(O)CO,Ki,7943.28
COCCOCC#Cc1cc(-c2n[nH]c3c2C(=O)c2cc(CN4CCN(C)CC4)ccc2-3)cs1,Ki,7943.28
c1ccc(Cn2nnc(-c3ccc4[nH]ncc4c3)c2C2CC2)cc1,Ki,316.23
O=c1[nH]c2ccc(Cl)cc2c(-c2ccccc2)c1C1=NNC(c2ccccc2)C1,Ki,1000.0
O=C1CN2C(=NN1)COc1ccccc12,Ki,39810.72
CN1CCN(c2ccc(-c3cnc4c(c3)N(Cc3cc(Cl)ccc3C(F)(F)F)CCN4)cn2)CC1,Ki,1584.89
N#Cc1ncc2nc1OCCCCCOc1cc(OCC(O)CO)c(Cl)cc1NC(=O)N2,Ki,7943.28
Cn1cc(C=C2C(=O)Nc3cccnc32)c2ccccc21,Ki,7943.28
NC(COc1cncc(-c2ccc3c(c2)C(=Cc2ccco2)C(=O)N3)c1)Cc1c[nH]c2ccccc12,Ki,12.59
Cc1ccccc1NC(=O)Nc1ccc(-c2coc3ncnc(N)c23)cc1,Ki,7943.28
Cc1c(Cl)c(N2CCC(CN)C2)nc2[nH]cc(C(=O)O)c(=O)c12,Ki,7943.28
Cc1c(O)ccc2c1CCCC2=NNC(=O)Cc1cccc2ccccc12,Ki,398.11
OC1CCN(c2ncnc3[nH]cc(-c4ccccc4)c23)CC1,Ki,1258.93
c1cc2[nH]ncc2cc1-c1cn(CC2CCOCC2)nn1,Ki,7943.28
COc1cc(-c2ccc3[nH]nc(C(=O)Nc4ccccc4)c3c2)ccc1O,Ki,7943.28
CC(Nc1nccc(-c2c(-c3ccc(F)cc3)nc3occn23)n1)c1ccccc1,Ki,7943.28
Cc1cc(Nc2ncc(F)c(NC3C4C=CC(C4)C3C(N)=O)n2)ccc1N1CCN(C)CC1,Ki,316.23
CCC1CC(NS(=O)(=O)C2CC2)CC1c1ncc2cnc3[nH]ccc3n12,Ki,199.53
CCCCn1c(NC(=O)c2ccc(C#N)cc2)nc2cc(N(C)C(=O)C3CCCCC3)ccc21,Ki,7943.28
CCCNC(=O)c1ccc(Nc2nc(NCC(F)(F)F)c3sccc3n2)cc1,Ki,1258.93
COc1ccc(NC(=O)Nc2ccc(-c3csc4c(-c5cnn(CC(C)(C)O)c5)cnc(N)c34)cc2)cc1,Ki,3981.07
O=c1[nH]c2cnc(-n3cnc4ccc(F)cc43)nc2n1C1CCOc2c(F)cccc21,Ki,7943.28
COC(=O)c1cc2c(-c3cccc(F)c3)cncc2s1,Ki,7943.28
C=Cc1ccc(-c2cccc3nnc(N)n23)cc1,Ki,50118.72
Cc1cccc(NC(=O)Nc2ccc3c(c2)CCc2sc4ncnc(N)c4c2-3)c1,Ki,7943.28
CCNNc1cc(C)c(C#N)c2nc3ccccc3n12,Ki,7943.28
N#CC(=Cc1ccc(O)c(O)c1)C(=O)NCc1ccccc1,Ki,7943.28
CC(=O)c1c(-c2ccccc2)nn(C)c(=O)c1N,Ki,50118.72
Cc1ccc(-c2cnc(N)c3c(-c4ccc(NC(=O)Nc5cccc(F)c5)cc4)csc23)cn1,Ki,7943.28
Cc1ccccc1Nc1nccc(-c2c(-c3cccc(NC(=O)c4ccccc4)c3)nc3sccn23)n1,Ki,1258.93
Nc1ncnc(Nc2cc(CNC(=O)C(F)(F)F)c(O)c(-c3ccc(Cl)cc3)c2)n1,Ki,7943.28
Nc1ncnc2c1c(I)nn2C1OC(CO)C(O)C1O,Ki,7943.28
CN(C)c1ccc(C(=O)Nc2n[nH]c3ccc(-c4cn(Cc5ccccc5)nn4)cc23)cc1,Ki,398.11
O=C(NN=Cc1ccc(O)cc1O)Nc1cccc2nsnc12,Ki,1995.26
COc1cc2ncc3c(N)nc4c(C)c(N)ccc4c3c2cc1OC,Ki,1258.93
NCCNS(=O)(=O)c1cccc(C(=O)Nc2ccc(-c3n[nH]c(=O)c4ccccc34)cc2)c1,Ki,5011.87
CNCc1ccc(-c2[nH]c3cc(F)cc4c3c2CCNC4=O)cc1,Ki,7943.28
Cc1cc(C)cc(NC(=O)Nc2ccc(-c3cccc4sncc34)cc2)c1,Ki,7943.28
CN(C)CC(=O)NC1CCC(Nc2nc(Cl)cc(-c3c[nH]c4ncccc34)n2)CC1,Ki,25.12
O=C1NC(=O)C(Nc2ccccc2)=C1Cl,Ki,19952.62
COc1cccc(CNC(=O)c2cnc(-c3ccncc3)nc2)c1,Ki,316.23
O=C(c1cc(Cc2n[nH]c(=O)c3c2CCCC3)ccc1F)N1CCN(c2ncccn2)CC1,Ki,7943.28
NC(=O)c1ccc(-c2nc(-c3ccccn3)c(-c3ccc4c(c3)OCO4)[nH]2)cc1,Ki,1258.93
O=c1c(NCCc2ccc(Oc3ccccc3)cc2)c(Nc2ccncc2)c1=O,Ki,7943.28
CNC(=O)C=Cc1cnc(N)c2c(-c3ccc4sc(C)nc4c3)csc12,Ki,7943.28
CCC1C(=O)N(C)c2cnc(Nc3ccc(C(=O)NC4CCCCC4)cc3OC)nc2N1C1CCCC1,Ki,7943.28
CN1CCCC1COc1cncc(CCc2ccccc2)c1,Ki,7943.28
CC(C)Nc1n[nH]c2ccc(N)cc12,Ki,19952.62
Cc1sc2[nH]c(=O)n3nc(-c4ccncc4)nc3c2c1C,Ki,7943.28
Cc1nc2c(sc3c(Br)ccc(Cl)c32)c(=O)o1,Ki,7943.28
COc1cc2ncn(-c3cc(OCc4ccccc4C(F)(F)F)c(C(=O)O)s3)c2cc1OC,Ki,7943.28
Nc1n[nH]c2c(OCCCn3cccc3)ccc(-c3ccc(NC(=O)Nc4cccc(Cl)c4)cc3)c12,Ki,1258.93
c1cc2c(s1)CCc1cn[nH]c1-2,Ki,15848.93
Cc1cc(-c2ncnc3[nH]ccc23)ccc1F,Ki,2511.89
COc1cc(-c2ccc3c(c2)Nc2c(O)cccc2NC3=O)ccc1O,Ki,1258.93
O=[N+]([O-])c1cccc(-c2nnc3ccc(N4CCCCC4)nn23)c1,Ki,7943.28
O=C(O)c1ccccc1Nc1ncnc(Nc2ccc3cn[nH]c3c2)n1,Ki,3981.07
CC(=O)N1CCN(C2CCC(n3nc(-c4ccc(NC(=O)c5cc6ccccc6n5C)cc4)c4c(N)ncnc43)CC2)CC1,Ki,7943.28
CCOc1ccc(C=C2SC(=N)NC2=O)c(O)c1,Ki,1258.93
NC(=O)c1cc2c(-c3ccccc3)cncc2s1,Ki,1995.26
CNC(=O)c1ccccc1Sc1ccc2c(C=Cc3ccccn3)n[nH]c2c1,Ki,3162.28
CC(C)(CO)CNc1nccc(-c2c(-c3ccc(F)cc3)nc3c(CC4CC4)nccn23)n1,Ki,7943.28
Cc1nn(-c2ccccc2)c2c1c(=O)c1cc(Cl)ccc1n2O,Ki,7943.28
N#Cc1ncc2nc1OCC(O)C(O)COc1ccc(Cl)cc1NC(=O)N2,Ki,7943.28
CCN(CC)CCCNC(=O)c1cnc(N)c2c(-c3ccc(NC(=O)Nc4cccc(F)c4)cc3)csc12,Ki,1258.93
O=c1c(NCc2ccc(Cl)cc2Cl)c(Nc2ccc3[nH]ncc3c2)c1=O,Ki,15.85
CCc1ccc2c(NC(=O)Nc3cccc(C(F)(F)F)n3)ccnc2c1,Ki,1258.93
Nc1nonc1-n1nnc(C(=O)NN=Cc2ccncc2)c1-c1ccccc1,Ki,7943.28
CCn1c2cc(Cl)c(F)cc2c(=O)c2c(=O)o[nH]c21,Ki,7943.28
Cc1cc(C)c2oc(Nc3ccc(-c4cccc(C(N)=O)c4N)cc3F)nc2c1,Ki,7943.28
CCN(CC)CCNC(=O)c1c(C)[nH]c(C=C2C(=O)Nc3ccc(F)cc32)c1C,Ki,1995.26
COc1cccc2c1Nc1cc(Nc3ccncc3)ccc1C(=O)N2,Ki,7943.28
Nc1nc(Nc2ccc(S(N)(=O)=O)cc2)nn1C(=O)c1c(F)cccc1F,Ki,3162.28
Cc1ccc(C(=O)Nc2c(C#N)sc3ccc(Cl)c(Cl)c23)cc1,Ki,7943.28
NC(=O)c1ccc2nc(-c3ccc([N+](=O)[O-])o3)cn2c1,Ki,501.19
COc1cc(-c2ccc3c(c2)Nc2ccc([N+](=O)[O-])cc2NC3=O)ccc1O,Ki,7943.28
OC1CCC(Nc2nc(Cl)cc(-c3c[nH]c4ncccc34)n2)CC1,Ki,31.62
CN1CCN(c2ccc(Nc3ncc(Cl)c(Nc4ccc5[nH]ncc5c4)n3)cc2)CC1,Ki,100.0
COc1nccn2c(-c3ccnc(NCC(C)(C)CO)n3)c(-c3ccc(F)cc3F)nc12,Ki,7943.28
COc1cc(C=C(C#N)c2nc3cc(C)ccc3[nH]2)c(Br)cc1O,Ki,7943.28
C(=Cc1ccc2nccn2n1)c1ccccc1,Ki,5011.87
O=C(NN=Cc1cc(Br)c(O)c(Br)c1)Nc1ccccc1,Ki,316.23
Cc1ccc(CNc2ccc3nnc(-c4ccccc4)n3n2)cc1,Ki,7943.28
Cn1c2ccccc2c2c3c(c4c5ccccc5n(CCC#N)c4c21)CNC3=O,Ki,158.49
COC(C(=O)N1Cc2[nH]nc(NC(=O)c3ccc(N4CCN(C)CC4)cc3)c2C1)c1ccccc1,Ki,3162.28
O=C(Nc1ccc([N+](=O)[O-])cc1)N1CCc2[nH]c3c(Cl)cc(Cl)cc3c2C1,Ki,1258.93
CC(C)Nc1nccc(Nc2ncc(-c3ccccc3)s2)n1,Ki,1258.93
COc1cccc(C(CN)NC(=O)c2ccc(-c3ccncc3)cc2)c1,Ki,5.012
CS(=O)(=O)NC1CCCC(Nc2nc(Cl)cc(-c3c[nH]c4ncccc34)n2)C1,Ki,158.49
O=C1Cc2cc(-c3ccccc3)cnc2N1,Ki,50118.72
COc1ccc(-c2ccc(NC(=O)Nc3ccc(F)c(C)c3)cc2)c2c(N)noc12,Ki,7943.28
O=C1Cc2c([nH]c3ccc(Br)cc23)-c2ncccc2N1,Ki,7943.28
Nc1ncc(-c2ccncc2)c2scc(-c3ccc(NC(=O)Nc4cc(C(F)(F)F)ccc4F)cc3)c12,Ki,7943.28
Nc1ncc(C=CC(=O)NCCCn2ccnc2)c2scc(-c3ccc(Br)cc3)c12,Ki,7943.28
CCCC(=O)Nc1n[nH]c2ccc(-c3cn(Cc4ccccc4)nn3)cc12,Ki,6309.57
Cc1cc(-c2ccc3c(c2)CNC3=O)ccc1F,Ki,50118.72
CC(C)(C)C(=O)Oc1ccc2c(c1)nc(NC(=O)c1cccc([N+](=O)[O-])c1)n2CCCO,Ki,7943.28
Clc1cc(NC2CCCCC2)nc(-c2c[nH]c3ncccc23)n1,Ki,398.11
CC(C)Cn1c(N)nc2c(F)cc(-c3c(-c4ccc(F)cc4)nc4sccn34)cc21,Ki,7943.28
Cc1ccc(Nc2nc3ccc([N+](=O)[O-])cc3[nH]2)nc1,Ki,3162.28
COc1cc(-c2ccc3c(c2)Nc2ccc(CCOc4ccc(N5CCOCC5)cc4)cc2NC3=O)ccc1CC#N,Ki,7943.28
O=C(Nc1cccc(N2CCOCC2)n1)Nc1ccnc2c(C(F)(F)F)cccc12,Ki,7943.28
COc1nccc(-c2c(-c3ccc(F)cc3)ncn2C2CCNCC2)n1,Ki,1258.93
O=C(Nc1cnccn1)Nc1ccnc2ccc(C(F)(F)F)cc12,Ki,7943.28
Cc1cc(Nc2cc(N3CCN(C)CC3)nc(C=Cc3ccccc3)n2)n[nH]1,Ki,3162.28
c1ccc(CNc2nc3ccc(-c4ccncc4)cc3s2)cc1,Ki,199.53
O=c1c(NCc2ccccc2F)c(Nc2ccncc2)c1=O,Ki,398.11
O=C(Nc1ccc(-c2cccc3sncc23)cc1)Nc1ccc(F)c(C(F)(F)F)c1,Ki,7943.28
CC(C)(CO)CNc1nccc(-c2c(-c3ccc(F)cc3)nc3cnccn23)n1,Ki,7943.28
CN1CCN(c2cccc(Nc3nccc(-c4c(C(N)=O)nc5ccccn45)n3)c2)CC1,Ki,7943.28
Cc1nccn2c(-c3ccnc(NCC(C)(C)CO)n3)c(-c3ccc(F)cc3)nc12,Ki,7943.28
O=C(NCc1ccccc1)c1cccc(-c2cnc3[nH]ccc3c2)c1,Ki,7943.28
Nc1ncc(-c2ccoc2)c2scc(-c3ccc(NC(=O)Nc4cccc(F)c4)cc3)c12,Ki,7943.28
O=C(Nc1n[nH]c2ccc(-c3cn(Cc4ccccc4)nn3)cc12)c1cccc(F)c1,Ki,1258.93
O=C(Nc1cccc(F)c1)Nc1cccc(-c2ccc3cn[nH]c3c2)c1,Ki,794.33
NC(COc1cncc(-c2cc3ccncc3s2)c1)Cc1c[nH]c2ccccc12,Ki,10.0
O=c1[nH]c2sc3c(c2c2nc(-c4cccnc4)nn12)CCCC3,Ki,7943.28
O=C(Nc1cnccn1)Nc1cccc2c(O)cccc12,Ki,1258.93
CCCC(=O)Nc1n[nH]c2nnc(-c3cccc(F)c3F)cc12,Ki,7943.28
Cc1n[nH]c2ccc(-c3cccnc3)cc12,Ki,2511.89
OCCCCNc1cc(-c2c[nH]c3ncccc23)cc(Cl)n1,Ki,251.19
CCN(CCN)C(=O)c1cccc(-n2nc(C(C)(C)C)cc2NC(=O)Nc2cccc3ccccc23)c1,Ki,630.96
CC(C)(C)NC(=O)c1ccc2nc3[nH]c4ccccc4c3nc2c1,Ki,7943.28
CN1CCN(CCCNc2cccc(-c3nc4c(C(N)=O)cccc4[nH]3)n2)CC1,Ki,7943.28
CNC(=O)NC1CCC(Nc2nc(Cl)cc(-c3c[nH]c4ncccc34)n2)CC1,Ki,31.62
NC1C2CN(c3nc4c(cc3F)c(=O)c(C(=O)O)cn4-c3ccc(F)cc3F)CC12,Ki,7943.28
CCNC(=O)c1cnc(N)c2c(-c3ccc(NC(=O)Nc4cccc(F)c4)cc3)csc12,Ki,7943.28
O=C(O)c1ccc(N2C(=O)c3ccccc3C2=O)cc1O,Ki,7943.28
CC(N)C1CCC(C(=O)Nc2ccncc2)CC1,Ki,1258.93
CC(C)OC1=NNC(=O)C1=Cc1c[nH]c2ccccc12,Ki,7943.28
CSc1ccccc1CNc1ncc([N+](=O)[O-])c(NCC2CCC(CN)CC2)n1,Ki,7943.28
CCCCNc1c(-c2ccc3[nH]ncc3c2)nc2ncccn12,Ki,1000.0
CN(C)c1ccc(-c2cc(-c3ccc([N+](=O)[O-])cc3)nc(NS(=O)(=O)c3ccc(N)cc3)n2)cc1,Ki,1000.0
CC(C)(CO)c1nnc2ccc(-c3c(-c4ccc(F)cc4F)nc4occn34)nn12,Ki,7943.28
COc1ccc(CNc2cc(-c3c[nH]c4ncccc34)cc(F)n2)cc1,Ki,79.43
CC(C)(C)OC(=O)n1cc(-c2cncn2C2CCCCC2)c2ccccc21,Ki,7943.28
O=C1Nc2ccccc2Nc2cc(-c3ccncc3)ccc21,Ki,1258.93
Cc1ccc(C(=O)Nc2ccon2)cc1Nc1ncnc2c1cnn2-c1ccccc1,Ki,7943.28
CN1CCN(C2CCC(n3cc(-c4ccc(Oc5ccccc5)cc4)c4c(N)ncnc43)CC2)CC1,Ki,7943.28
CCCCn1c(NC(=O)c2cccc(C#N)c2)nc2cc(N(C)C(=O)C3CCCCC3)ccc21,Ki,7943.28
COc1ccc2c(NC(=O)Nc3cccc(Br)n3)ccnc2c1,Ki,7943.28
Nc1nccc2scc(-c3ccc(NC(=O)Nc4ccccc4C(F)(F)F)cc3)c12,Ki,7943.28
O=C(Nc1nc2ccccc2s1)c1cccc2c1CN(c1nc(C(=O)O)c(-c3ccc(CO)cc3)s1)CC2,Ki,1000.0
NC(=O)c1csc2c1NCCC2=O,Ki,50118.72
c1ccc2c(c1)nnn2Cc1cn(-c2ccc3[nH]ncc3c2)nn1,Ki,501.19
Cc1ccc(NCc2ccc(-c3ccc(F)cc3)nc2)cc1,Ki,1258.93
O=C(O)c1ccccc1Nc1ccnc(Nc2cccc(O)c2)n1,Ki,1995.26
CNS(=O)(=O)c1ccccc1Nc1nc(Nc2cc(OC)c(OC)c(OC)c2)ncc1Cl,Ki,79.43
Nc1nccc(-c2ccccc2)n1,Ki,3981.07
COc1cc2c(Nc3ccc(NC(=O)c4ccccc4)cc3)ncnc2cc1OCCCN1CCOCC1,Ki,1258.93
O=c1ncn2nc(Sc3ccc(F)cc3F)ccc2c1-c1c(Cl)cccc1Cl,Ki,3162.28
CC(Oc1cc(-c2cnn(C3CCNCC3)c2)cnc1N)c1c(Cl)ccc(F)c1Cl,Ki,1258.93
N#CCOc1ccc(Nc2nc(Nc3cccc(S(N)(=O)=O)c3)ncc2Br)cc1,Ki,100.0
Cc1cc(N2CCOCC2)cc2[nH]c(-c3c(NCC(O)c4cccc(Cl)c4)cc[nH]c3=O)nc12,Ki,1000.0
c1ccc(Cn2cc(-c3ccc4[nH]ncc4c3)nn2)cc1,Ki,125.89
NC(=O)c1sc(-n2cnc3ccccc32)cc1OCc1ccccc1C(F)(F)F,Ki,7943.28
NC(COc1cncc(-c2ccc3c(c2)C(=Cc2ccc[nH]2)C(=O)N3)c1)Cc1ccccc1,Ki,1.259
NC1CCC(Nc2nccc(-c3c[nH]c4ncccc34)n2)CC1,Ki,50.12
CCCC(=O)Nc1n[nH]c2ccc(-c3nnn(Cc4ccccc4)c3-c3ccccc3)cc12,Ki,63.1
CCCc1ccc2nccc(NC(=O)Nc3cccc(C(F)(F)F)n3)c2c1,Ki,1258.93
CC1(C)CC2=Nc3cc(Cl)ccc3SC2=C(O)C1,Ki,7943.28
O=C1NC(=O)C(c2cnc3ccccn23)=C1c1cn2c3c(cc(F)cc13)CN(C(=O)N1CCCCC1)CC2,Ki,7943.28
O=C(Nc1cc(-c2c[nH]c3ncccc23)cc(Cl)n1)c1ccccc1,Ki,2511.89
COCCNc1nccc(-c2c(-c3ccc(F)cc3)nc3cnccn23)n1,Ki,7943.28
CC(C)(CO)CNc1nccc(-c2c(-c3ccc(F)cc3)nc3c(OCC(F)(F)F)nccn23)n1,Ki,7943.28
CN(C)CCCOc1cc(-c2ccncc2)cc2[nH]nc(N)c12,Ki,3162.28
CCn1c(C)c(-c2ccnc(Nc3cccc(OC)c3)n2)sc1=O,Ki,7943.28
O=C(O)C1CN(Cc2ccc(OCc3cccc(C(F)(F)F)c3)cc2Cl)C1,Ki,1258.93
O=C(NCc1ccccc1)Nc1ncc([N+](=O)[O-])s1,Ki,7943.28
Fc1ccc(-c2ccc3nccn3n2)cn1,Ki,50118.72
O=C(NCc1ccc(Cl)c(Cl)c1)Nc1ccc2[nH]ncc2c1,Ki,199.53
CNC(=O)C(C)n1cc(-c2cnc(N)c3c(-c4ccc(NC(=O)Nc5ccc(C)cc5)cc4)csc23)cn1,Ki,7943.28
CNC(=O)c1cc2c(-c3ccccc3F)n[nH]c2s1,Ki,7943.28
COc1cc2c(N3CCN(C(=O)Nc4ccc(OC(C)C)cc4)CC3)ncnc2cc1OCCCN1CCCCC1,Ki,3162.28
Nc1n[nH]c2ncc(Br)cc12,Ki,39810.72
Cc1ccc(F)c(NC(=O)Nc2ccc(-c3cccc4[nH]nc(N)c34)cc2)c1,Ki,1258.93
CCCCN(CCC#N)C(=O)c1ccc2nc(-c3n[nH]c4ccccc34)[nH]c2c1,Ki,1000.0
Cc1cc(O)ccc1-n1c2cc(Cl)ccc2c(=O)c2c(N)nc(N)nc21,Ki,1258.93
O=C(Nc1cccc(Cl)c1)Nc1nc(CCNc2ncnc3ccsc23)cs1,Ki,1258.93
COc1ccc(OC)c(CNC(=O)c2cc(N)c(C#N)c(OC(C)C)n2)c1,Ki,7943.28
O=c1[nH]cnc2c1oc1ccc(Cl)cc12,Ki,7943.28
Cc1ccc(CNc2c(Nc3ccncc3)c(=O)c2=O)cc1C,Ki,1258.93
NC1CCC(Nc2cc(Cl)nc(-c3c[nH]c4ncccc34)n2)CC1,Ki,79.43
O=C1NC(=O)C(c2c[nH]c3ccccc23)=C1c1nc(N2CCNCC2)nc2ccccc12,Ki,31.62
CS(=O)(=O)NCCNc1cc(-c2c[nH]c3ncccc23)cc(Cl)n1,Ki,39.81
CCCn1c(C2CCNCC2)nc(-c2ccc(Cl)c(Cl)c2)c1-c1ccnc(NC2CCCCC2)n1,Ki,794.33
Brc1ccc2c(c1)-c1[nH]ncc1C2,Ki,31622.78
Cc1cccc(NC(=O)Nc2ccc(-c3ccc4nccnc4c3N)cc2)c1,Ki,7943.28
Cn1cc(-c2cccc(NC(=O)c3ccc(C(C)(C)C)cc3)c2CO)cc(Nc2ccc(C(=O)N3CCOCC3)cn2)c1=O,Ki,1258.93
CCN1CCN(c2ccc(Nc3ncc(Cl)c(Nc4ccc5[nH]ncc5c4)n3)cc2)CC1,Ki,100.0
O=S(=O)(NCCNCC=Cc1ccc(Br)cc1)c1cccc2cnccc12,Ki,12.59
NC(=O)c1cc(Cl)cc2[nH]c(-c3ccc(C4CCCNC4)cc3F)nc12,Ki,7943.28
FC(F)(F)c1ccc(-c2nnc3ccc(NC4CC4)nn23)cc1,Ki,7943.28
O=C(O)c1csc2c1NCCNC2=O,Ki,50118.72
N#CCC(C1CCCC1)n1cc(-c2ncnc3[nH]ccc23)cn1,Ki,100.0
CCc1nccn2c(-c3ccnc(NCC(C)(C)O)n3)c(-c3ccc(F)cc3F)nc12,Ki,7943.28
CCOc1nc(NC(=O)Cc2cc(OC)c(S(C)(=O)=O)cc2OC)cc(N)c1Cl,Ki,7943.28
C#Cc1cccc(Nc2ncnc3cc(OCCOC)c(OCCOC)cc23)c1,Ki,1258.93
NC(COc1cncc(-c2cc3cnccc3s2)c1)Cc1c[nH]c2ccccc12,Ki,63.1
O=c1[nH]cc(I)c2nc(-c3ccccc3)cn12,Ki,7943.28
Nc1ncnc2scc(-c3ccc(NC(=O)Nc4cc(C(F)(F)F)ccc4F)cc3)c12,Ki,7943.28
COc1cccc(C(C)NC(=O)c2ccc(-c3ccncc3)c(F)c2)c1,Ki,50.12
CC(C)(CN)CNc1cc(-c2c[nH]c3ncccc23)cc(F)n1,Ki,39.81
Cc1ccc(-c2cc3c(NCCN)ccc(C(N)=O)c3[nH]2)cc1,Ki,125.89
COCOc1cccc(OCOC)c1-c1ccc(NS(C)(=O)=O)cc1C(=O)OC,Ki,1000.0
COc1cc2c(cc1Nc1nc(Nc3cccc(F)c3C(N)=O)c3cc[nH]c3n1)N(C(=O)CN(C)C)CC2,Ki,1258.93
Nc1n[nH]c2cccc(-c3ccc(F)cc3)c12,Ki,79.43
COc1ccc(C2=NNc3cccc4c(OC)ccc2c34)cc1OC,Ki,1258.93
CNC(=O)COc1ccc(Nc2nc(Nc3ccc(C)c(S(N)(=O)=O)c3)ncc2F)cc1,Ki,6309.57
Cc1cc(NC(=O)Cc2ccc(-c3cccc4[nH]nc(N)c34)cc2)ccc1F,Ki,794.33
COC(=O)c1c(-c2ccc(NC(=O)Nc3ccccc3)cc2)c2c(N)ncnn2c1C,Ki,7943.28
NC(=O)c1cccc2c1Nc1nnc(Cl)cc1C(=O)N2,Ki,7943.28
CC(C)(CN)CNc1cc(-c2c[nH]c3ncccc23)cc(Cl)n1,Ki,19.95
CN(C)c1ccc(CNC(=O)c2cc3c(-c4ccccc4)n[nH]c3s2)cc1,Ki,7943.28
N#Cc1cccc(C(=O)Nc2n[nH]c3ccc(-c4cn(Cc5ccccc5)nn4)cc23)c1,Ki,3981.07
COc1cccc(NC(=O)c2cnn3c(-c4ccccc4)ccnc23)c1,Ki,7943.28
Cc1n[nH]c2cccc(-c3ccc(NC(=O)Nc4cccc(C(F)(F)F)c4)cc3)c12,Ki,7943.28
O=c1[nH]c2cc(Cl)cc(Cl)c2c(-c2cc(Cl)ccc2O)c1O,Ki,7943.28
CC1=NN(c2cccc(Br)c2)C(=O)C1=Cc1c(C)c(C#N)c2nc3ccccc3n2c1O,Ki,7943.28
NC(COCc1ccccc1)COc1cncc(C=Cc2ccncc2)c1,Ki,125.89
O=c1[nH]c2cc(-c3ccccc3)cnc2[nH]1,Ki,7943.28
O=C(Nc1cccc(C(F)(F)F)n1)Nc1ccnc2c(F)cccc12,Ki,7943.28
CC(N)C1CCC(C(=O)Nc2ccnc3[nH]ccc23)CC1,Ki,79.43
N#Cc1cnc(NC(=O)Nc2ccc3cc(C(=O)O)ccc3c2)cn1,Ki,7943.28
CCCOn1c2ccc(Cl)cc2c(=O)c2c(C)nn(C)c21,Ki,7943.28
Cc1c(-c2cccc(OCc3ccccc3)c2)c2c(N)ncnc2n1C1CC(CN2CCCC2)C1,Ki,7943.28
Cc1cccc(Cl)c1-c1cccc2c(CCCOc3cccc4ccccc34)c(C(=O)NCCOCCOCCN)[nH]c12,Ki,7943.28
CC(C)Oc1nccn2c(-c3ccnc(NCC(C)(C)O)n3)c(-c3ccc(F)cc3F)nc12,Ki,7943.28
Clc1ccc(Nc2nnc(Cc3ccncc3)c3ccccc23)cc1,Ki,3162.28
c1ccc(-c2c[nH]c3ncnc(N4CCCCC4)c23)cc1,Ki,3981.07
Cc1c(-c2cccc(OCc3ccccc3)c2)c2c(N)ncnc2n1C1CCC(N2CCCC2)CC1,Ki,7943.28
CCCOc1cccc(C(C)NC(=O)c2ccc(-c3ccncc3F)cc2)c1,Ki,1000.0
Nc1ccc(-c2cncc(OCC(N)Cc3c[nH]c4ccccc34)c2)cc1C(=O)c1ccccc1,Ki,7943.28
O=C(Nc1ccc2[nH]ncc2c1)c1cccc(F)c1,Ki,7943.28
Cc1ccc(NC(=O)c2ccc(CN3CCN(C)CC3)cc2)cc1Nc1nccc(-c2cccnc2)n1,Ki,3162.28
CC(C)(Nc1nccc(-c2c[nH]c3ncccc23)n1)c1ccccc1,Ki,12.59
NCCOc1cccc(Nc2ccnc(N)n2)c1,Ki,1584.89
Nc1n[nH]c2ccc(-c3nnn(Cc4ccccc4)c3-c3ccccc3)cc12,Ki,50.12
CCN(CC)CCCNC(=O)c1cnc(N)c2c(-c3ccc(NC(=O)Nc4cccc(C)c4)cc3)csc12,Ki,1258.93
O=C(Nc1cnccn1)Nc1ccnc2c(F)cc(F)cc12,Ki,1258.93
O=C(c1cc(-c2ccc3[nH]ncc3c2)on1)N1CCCCC1,Ki,7943.28
N#Cc1ccc(-c2ccncc2)cc1NCc1ccccc1,Ki,398.11
CCN1CCN(Cc2ccc(NC(=O)Nc3ccc(Oc4cc(NC)ncn4)cc3)cc2C(F)(F)F)CC1,Ki,199.53
NS(=O)(=O)c1cccc(Nc2ncc3ccn(Cc4ccccc4)c3n2)c1,Ki,7943.28
NCC(O)C(O)Cn1cc(I)c2c(N)ncnc21,Ki,6309.57
Cc1n[nH]c2c1C(c1ccccc1F)C1=C(CC(C)(C)CC1=O)N2,Ki,7943.28
CC(C)N(C)C(=O)c1c(-c2ccc3[nH]ncc3c2)nnn1Cc1ccccc1,Ki,251.19
Cc1ccc(F)c(NC(=O)Nc2ccc(-c3coc4c(C#CCN5CCOCC5)cnc(N)c34)cc2)c1,Ki,1258.93
Cc1cc(C)cc(NC(=O)Nc2ccc3c(c2)CCc2sc4ncnc(N)c4c2-3)c1,Ki,7943.28
NC(=O)c1cc2c(-c3ccc(Br)c(F)c3F)cncc2s1,Ki,3162.28
CCOc1ccc(NC(=O)Nc2ccc(-c3csc4c(-c5cnn(C)c5)cnc(N)c34)cc2)cc1,Ki,7943.28
COc1ccc(C(=O)N2c3ccccc3Sc3c(Cl)cncc32)cc1,Ki,1995.26
CC(=O)Nc1cc(N)c(C#N)c(-c2ccc3ccccc3c2)n1,Ki,7943.28
CN(C)c1ccc(-c2nc3sccn3c2-c2ccnc(Nc3cccc(N4CCOCC4)c3)n2)cc1NC(=O)c1ccccc1,Ki,1258.93
CCc1nc(-c2cccc(C)c2)c(-c2ccnc(NC(=O)c3ccccc3)c2)s1,Ki,7943.28
CC(=O)NC1CCCC(Nc2nc(Cl)cc(-c3c[nH]c4ncccc34)n2)C1,Ki,158.49
CNC(=O)c1cc(Oc2ccc(NC(=O)Nc3ccc(Cl)c(C(F)(F)F)c3)cc2)ccn1,Ki,2511.89
CN(C(=O)C1CCCCC1)c1ccc2c(c1)nc(NC(=O)c1ccc(C#N)cc1)n2CCC(N)=O,Ki,7943.28
Cc1cc(-c2ccc3c(c2)Nc2ccccc2NC3=O)ccn1,Ki,7943.28
CCCS(=O)(=O)Nc1ccc(-c2ccc3[nH]nc(NC(=O)CC)c3c2)cc1,Ki,7943.28
O=C1C(=NNc2cccc3c(=O)[nH][nH]c(=O)c23)C(c2ccccc2)=NN1c1ccccc1,Ki,7943.28
O=C(NC(CO)Cc1ccccc1)c1ccc(-c2ccncc2)cc1,Ki,251.19
Cc1csc(NC(=O)c2sc3nc(-c4ccncc4)ccc3c2N)n1,Ki,7943.28
NC(=O)c1cc2ccncc2s1,Ki,3981.07
O=C(O)c1ccccc1Nc1ccnc(Nc2ccc([N+](=O)[O-])cc2)n1,Ki,1258.93
Nc1n[nH]c2cc(-c3ccc(NC(=O)Nc4cccc(C(F)(F)F)c4)cc3)ccc12,Ki,7943.28
NCCCOc1cc2c(c(-c3ccc(Nc4nc5ccc(Cl)cc5o4)cc3)c1)CNC2=O,Ki,7943.28
CC(Nc1c(Nc2ccncc2)c(=O)c1=O)c1ccccc1,Ki,7943.28
CCOC(=O)c1c[nH]n2c(=O)cc(-c3ccncc3)nc12,Ki,7943.28
Oc1cccc(Nc2ncnc3scc(Cl)c23)c1,Ki,6309.57
CCN(CC)CCCNc1cccc(-c2nc3c(C(N)=O)cccc3[nH]2)n1,Ki,7943.28
O=C(NCc1ccc(Br)cc1)Nc1ccc2[nH]ncc2c1,Ki,316.23
O=C1Nc2ccccc2C1=Cc1ccc[nH]1,Ki,1258.93
COc1cc(Nc2ncnc(N3CCCc4cc(C)ccc43)n2)cc(OC)c1OC,Ki,1000.0
NCCNc1cc(-c2c[nH]c3ncccc23)cc(Cl)n1,Ki,15.85
CC(C)(C)c1ccc2nc(-c3n[nH]c4ccccc34)[nH]c2c1,Ki,6309.57
NC(=O)c1cc2c(Oc3cccc(F)c3)cncc2s1,Ki,3162.28
O=C(Cc1ccccc1Cl)Nc1ccc2cn[nH]c2c1,Ki,7943.28
Cn1cc(Nc2ncc(Cl)c(Nc3ccccc3C(N)=O)n2)cn1,Ki,25.12
NC(COc1cncc(-c2ccc3c(c2)CC(=O)N3)c1)Cc1c[nH]c2ccccc12,Ki,398.11
N#Cc1ccc(-c2n[nH]c3c2Cc2ccc(OCCCCN4CCOCC4)cc2-3)cn1,Ki,3162.28
COc1cc2cnc3c(c2cc1OC)C(=O)NC3=O,Ki,7943.28
CN(C)CC(C)(C)CNc1nccc(-c2c(-c3ccc(F)cc3)nc3occn23)n1,Ki,7943.28
CCCC(=O)Nc1n[nH]c2ccc(-c3cccc(F)c3F)cc12,Ki,7943.28
Cc1cc(O)ccc1-n1cc(C(=O)NN)c(=O)c2ccc(-c3ccncc3)cc21,Ki,794.33
Cn1nc(C(F)(F)F)c2c(=O)c3cc(Cl)ccc3n(O)c21,Ki,7943.28
Nc1nnc2cncc(Cl)n12,Ki,50118.72
CNC(=O)C=Cc1cnc(N)c2c(-c3ccc4c(c3)OCO4)csc12,Ki,7943.28
Nc1ncnc2c1c(-c1cccc(OCc3ccccc3)c1)cn2C1CC(CN2CCCC2)C1,Ki,7943.28
S=c1[nH]nc2c3c4c(sc3n3c(=S)[nH]nc3n12)CCC4,Ki,7943.28
O=S(=O)(c1cccc2cnccc12)N1CCCNCC1,Ki,79.43
CC(=O)Nc1cc(N)c(C#N)c(-c2ccccc2)n1,Ki,7943.28
Cc1cccc(NC(=O)Nc2ccc(-c3cnc4c(-c5cnn(C)c5)cnn4c3N)cc2)c1,Ki,7943.28
COc1cccc(-c2cc3c(=O)[nH]c4ccccc4n3c2)c1,Ki,7943.28
COc1ccc(C(=O)Nc2nc3ccc(Cl)cc3s2)c(OC)c1,Ki,7943.28
CS(=O)(=O)Nc1ccc(-c2ccc3[nH]nc(N)c3c2)cc1,Ki,7943.28
Cc1n[nH]c2ccc(-c3nnn(Cc4ccccc4)c3-c3ccc(F)cc3)cc12,Ki,6.31
NC(=O)c1cc(-c2cccc(N)c2)cc2cccnc12,Ki,7943.28
Cc1ccc(F)c(NC(=O)Nc2ccc(-c3nsc4ncnc(N)c34)cc2)c1,Ki,7943.28
Cc1ccc(-c2nn(C(C)(C)C)c3ncnc(N)c23)cc1,Ki,1584.89
O=C(NNC(=S)Nc1ccc(Cl)cc1)C(O)(c1ccccc1)c1ccccc1,Ki,7943.28
O=C(Nc1n[nH]c2ccc(-c3cn(Cc4ccccc4)nn3)cc12)c1cccc(Cl)c1,Ki,3981.07
Cc1cc(=O)n2ccc(CN(C)C)c(O)c2n1,Ki,79.43
COc1cc(-c2ccc3c(c2)Nc2ccc(C(=O)NCCNC(C)=O)cc2NC3=O)ccc1O,Ki,7943.28
Cc1cccc(NC(=O)Nc2ccc(-c3csc4ccnc(N)c34)cc2)c1,Ki,7943.28
CCN(C(C)=O)c1ccc(Nc2nc(NC3CC3)c3nc[nH]c3n2)cc1,Ki,794.33
Nc1ncnc2c1N=C(c1ccc(NC(=O)Nc3cc(C(F)(F)F)ccc3F)cc1)CCN2,Ki,7943.28
Cc1cccc(NC(=O)Nc2ccc(-c3csc4c(C#CCN)cnc(N)c34)cc2)c1,Ki,7943.28
CN1CCC(c2c(O)cc(O)c3c(=O)cc(-c4ccccc4Cl)oc23)C(O)C1,Ki,3981.07
Cc1c(-c2ccc3[nH]nc(N)c3c2)nnn1Cc1ccccc1,Ki,794.33
CN1CCN(c2ccc3nc(-c4c(N)c5c(F)cccc5[nH]c4=O)[nH]c3c2)CC1,Ki,3162.28
CCOc1nc(C(=O)NCc2cccnc2)cc(N)c1C#N,Ki,7943.28
CC(=O)c1cccc(-c2ccc3nccn3n2)c1,Ki,39810.72
C(=Cc1cncc(OC2CCNC2)c1)c1ccncc1,Ki,398.11
Cn1nc(N)c2c(-c3ccc(NC(=O)Nc4cccc(C(F)(F)F)c4)cc3)cncc21,Ki,7943.28
Cn1cc(-c2ccccc2)c2nc(-c3ccncc3)cc(=O)n21,Ki,5011.87
O=C(Nc1cccc(C(F)(F)F)n1)Nc1ccnc2cc(C(F)(F)F)ccc12,Ki,7943.28
Nc1n[nH]c2cccc(-c3ccc(NC(=O)Nc4ccccc4)cc3)c12,Ki,1995.26
CCCOc1nc(NC(C)=O)cc(N)c1C#N,Ki,7943.28
O=C(c1cc(-c2ccc3[nH]ncc3c2)on1)N1CCCC(O)C1,Ki,7943.28
Cn1cc(Nc2ncc(Br)c(Nc3ccccc3C(N)=O)n2)cn1,Ki,15.85
Cc1nc(N)sc1-c1ccnc(Nc2ccc(N3CCOCC3)cc2)n1,Ki,1584.89
O=C1NCCc2[nH]c(-c3ccnc(Cl)c3)cc21,Ki,7943.28
CNC(=O)c1ccccc1Nc1nc(Nc2ccc(N3CCOCC3)cc2OC)ncc1Cl,Ki,3981.07
N#Cc1ccc2nc(N)n(-c3nccs3)c2c1,Ki,1258.93
Cc1cc(C)cc(NC(=O)Nc2ccc(-c3cccc4c3CNC4=O)c(C(F)(F)F)c2)c1,Ki,7943.28
NC(=O)c1cc2c(-c3ccc(F)cc3)cncc2s1,Ki,3981.07
O=c1[nH]cnc2c1sc1c(Cl)ccc(Cl)c12,Ki,7943.28
COc1ccc2c(NC(=O)Nc3cccc(C(F)(F)F)n3)ccnc2c1,Ki,1258.93
NC(=O)c1cccc(-c2cnc3[nH]cc(-c4ccccc4)c3c2)c1,Ki,7943.28
Oc1c2ccccc2c2c3c(cccc13)N=N2,Ki,7943.28
c1ccc(CNc2cc(-c3c[nH]c4ncccc34)ncn2)cc1,Ki,63.1
Cc1cnc(-c2cnc(NCCNc3ccc(C#N)cn3)nc2-c2ccc(Cl)cc2Cl)[nH]1,Ki,7943.28
NC1CCCCC1Nc1nccc(Nc2ccccc2C(=O)O)n1,Ki,7943.28
NC(=O)c1sc2ccc(Cl)c(Cl)c2c1NC(=O)c1ccc(Cl)cc1,Ki,3162.28
Cc1cc2nnc(SCc3cn4ccccc4n3)n2c2ccccc12,Ki,7943.28
CCN(CC)CCOc1ccc(Nc2ncc3cc(-c4c(Cl)cccc4Cl)c(=O)n(C)c3n2)cc1,Ki,1000.0
Nc1n[nH]c2nnc(-c3ccccc3)c(-c3ccccc3)c12,Ki,5011.87
CCn1c(-c2nonc2N)nc2cnc(Oc3cccc(NC(=O)c4ccc(OCCN5CCOCC5)cc4)c3)cc21,Ki,31.62
O=S(=O)(O)c1ccc(NCc2ccc3c(c2)OCO3)c2c(O)cccc12,Ki,7943.28
FC(F)(F)c1cccc(CNc2cc(-c3c[nH]c4ncccc34)ncn2)c1,Ki,1000.0
CCC(=O)Nc1ccc(C(=O)N2CCNCC2)c(O)c1,Ki,100.0
Nc1c(-c2ccc(NC(=O)Nc3cccc(C(F)(F)F)c3)cc2)cnc2c(-c3ccc4c(c3)OCO4)cnn12,Ki,1258.93
Cc1ccc2c(c1)C(=O)Nc1ccccc1N2,Ki,31622.78
COCC#Cc1cccc2c1Cc1c(-c3cccs3)n[nH]c1-2,Ki,1258.93
CSc1cnc2c(ccc3cnccc32)c1O,Ki,630.96
COc1ccc(C(=O)Nc2n[nH]c3ccc(-c4cn(Cc5ccccc5)nn4)cc23)cc1OC,Ki,501.19
O=C(O)c1ccc(Nc2ncc3c(n2)-c2ccc(Cl)cc2C(c2c(F)cccc2F)=NC3)cc1,Ki,1995.26
CCCCNc1ccc2c3c(cccc13)C(=O)N(CCNCCO)C2=O,Ki,7943.28
C=CCc1cccc2c(=NO)cc(-c3ccccc3)oc12,Ki,1258.93
CC(=NNC(=N)N)c1cc(NC(=O)c2cccc(C(=O)Nc3cc(C(C)=NNC(=N)N)cc(C(C)=NNC(=N)N)c3)c2)cc(C(C)=NNC(=N)N)c1,Ki,1584.89
NC1CCCCC1Nc1nc(Cl)cc(-c2c[nH]c3ncccc23)n1,Ki,3.162
O=C(Nc1cccc(C(F)(F)F)n1)Nc1ccnc2ccc(Cl)cc12,Ki,1258.93
Cc1cccc(-c2cccc3onc(N)c23)c1,Ki,10000.0
Nc1n[nH]c2cccc(-c3ccc(NC(=O)Nc4cc(CO)ccc4F)cc3)c12,Ki,316.23
Cc1cc(O)nc2[nH]nc(-c3cccc(-c4ccc(C#N)cc4)c3)c12,Ki,1258.93
NC(=O)c1cc(-c2ccnc(N)n2)[nH]c1-c1ccc(Cl)cc1Cl,Ki,398.11
CN(Cc1cc(Cl)c(O)c2ncccc12)C1CCCCC1,Ki,1258.93
CC(C)Nc1c(-c2ccc3[nH]ncc3c2)nc2ncccn12,Ki,398.11
O=C1NN=Cc2c[nH]c3cc(NC(=O)C4CC4c4ccccc4)cc1c23,Ki,398.11
CNC1CCN(c2nc3[nH]cc(C(=O)O)c(=O)c3c(C)c2Br)C1,Ki,7943.28
Cc1cccc(-c2c(-c3ccncc3)nc(NCC(N)Cc3ccccc3)n(C)c2=O)c1,Ki,7943.28
Cc1n[nH]c2ccc(-c3cncc(OCC(CN)Cc4ccccc4)c3)cc12,Ki,3.981
COc1ccc(C(=O)Nc2cnc3[nH]cc(-c4ccccc4)c3c2)cc1,Ki,7943.28
O=C(NCCc1cccs1)N1CC=C(c2c[nH]c3ncccc23)CC1,Ki,63.1
O=C(Nc1cccc(C(F)(F)F)n1)Nc1ccnc2cc(F)c(F)cc12,Ki,1258.93
Clc1cc(Nc2nc(NC3CC3)c3sccc3n2)ccc1N1CCOCC1,Ki,1258.93
Nc1nonc1-n1nnc(C(=O)NN=Cc2cccs2)c1-c1ccccc1,Ki,7943.28
NC(=O)c1cc(-c2cccs2)n2nccc2n1,Ki,50118.72
CC1(O)CC(c2nc(-c3ccc4ccc(-c5ccccc5)nc4c3)c3c(N)nccn23)C1,Ki,7943.28
CN(C)c1cccc2c(S(=O)(=O)N(CCN)c3cncc(-c4ccc5cnccc5c4)c3)cccc12,Ki,50.12
O=c1[nH]c2ccc(Cl)cc2c2ncnn12,Ki,31622.78
N#Cc1ncc2nc1OCCCCCOc1cc(CCCO)c(Cl)cc1NC(=O)N2,Ki,7943.28
CN1CCN(c2ccc(C(=O)Nc3n[nH]c4ccc(Cc5cc(F)cc(F)c5)cc34)c(NC3CCOCC3)c2)CC1,Ki,1995.26
CN(C)c1ncnc2nc[nH]c12,Ki,15848.93
Cn1cc(-c2cc3nc(Br)cnc3[nH]2)c2cc(F)ccc21,Ki,1000.0
Nc1nc(Cl)cc(-c2c[nH]c3ncccc23)n1,Ki,19.95
CS(=O)(=O)NCCOc1cncc(-c2ccc3cnccc3c2)c1,Ki,1258.93
COc1ccc(-c2cnc3c(Br)cnn3c2)cc1,Ki,7943.28
Cc1cccc(NC(=O)Nc2ccc(NC(=O)c3csc4ncnc(N)c34)cc2)c1,Ki,7943.28
COc1ccc(C=C2SC(=Nc3ccccc3)NC2=O)cc1O,Ki,7943.28
Nc1nccc(-c2c(-c3ccc(F)cc3)ncn2C2CCNCC2)n1,Ki,1584.89
CCCC(=O)Nc1n[nH]c2nc3ccccc3cc12,Ki,7943.28
Cn1cc(-c2cnc(N)c3c(-c4ccc(NC(=O)Nc5cccc(F)c5)cc4)csc23)cn1,Ki,7943.28
Cc1cn2c(-c3ccnc(NCC(C)(C)CO)n3)c(-c3ccc(F)cc3F)nc2c(C)n1,Ki,7943.28
CN1CCC(C(=O)n2nc(N)c3cc(-c4cn(Cc5ccccc5)nn4)ccc32)CC1,Ki,7943.28
N#Cc1ncc2nc1OCCCCOc1cc(NCc3cncs3)c(Cl)cc1NC(=O)N2,Ki,7943.28
O=C(NCc1ccccc1)c1c[nH]n2c(=O)cc(-c3ccncc3)nc12,Ki,3981.07
CCCNC(=O)c1ccc(Nc2nc(CC)c3cc[nH]c3n2)cc1,Ki,1258.93
O=C(Nc1cnccn1)Nc1ccnc2c(C(F)(F)F)cccc12,Ki,7943.28
NCCCOc1cc2c(c(-c3ccc(Nc4nc5ccccc5o4)cc3)c1)CNC2=O,Ki,7943.28
O=C(Nc1nc2c(O)cccc2s1)Nc1ccccc1-c1ccccc1,Ki,1258.93
NC(Cc1cccc2ccccc12)C(=O)Nc1cncc(C=Cc2ccncc2)c1,Ki,199.53
Nc1ccc(-c2cccn3c(=O)[nH]nc23)cc1,Ki,50118.72
Clc1csc2ncnc(Nc3ccccc3)c12,Ki,7943.28
CC(=O)Nc1cc(N)c(C#N)c(-c2ccsc2)n1,Ki,7943.28
CN(C)c1cc(-c2ccncc2)cc2[nH]nc(N)c12,Ki,501.19
Cc1cccc(NC(=O)Nc2ccc(-c3csc4c(C#CCN(C)C)cnc(N)c34)cc2)c1,Ki,7943.28
COc1ccc(CN(C)C)cc1Nc1nccc(-c2c(-c3cccc(NC(=O)c4c(F)cccc4F)c3)nc3sccn23)n1,Ki,1258.93
Cc1cccc(CNc2cc(-c3c[nH]c4ncccc34)cc(Cl)n2)c1C,Ki,158.49
Fc1cnc(Nc2ccccc2)nc1Nc1ccccc1,Ki,7943.28
O=C1Nc2ccccc2C1=Cc1c[nH]c2ccccc12,Ki,1258.93
Cc1n[nH]c2ccc(-c3cncc(OCCN(C)S(C)(=O)=O)c3)cc12,Ki,630.96
c1cc2[nH]ncc2cc1-c1cc(CN2CCCCC2)no1,Ki,2511.89
CC(Nc1c(Nc2ccncc2)c(=O)c1=O)C(C)(C)C,Ki,7943.28
Cc1n[nH]c2c1C(c1ccccc1Cl)C(C#N)=C(N)O2,Ki,7943.28
CC(C)(C)n1nc(-c2ccc(Cl)cc2)c2c(N)ncnc21,Ki,501.19
O=C(NC(CO)c1ccccc1)c1ccc(-c2ccncc2)cc1,Ki,25.12
c1cnc2[nH]cc(-c3ccnc(NCC4CCCCC4)n3)c2c1,Ki,199.53
Nc1n[nH]c2cccc(-c3ccc(Br)cc3)c12,Ki,125.89
CC1=CN2CC(=O)NN=C2C=C1,Ki,50118.72
O=C(Nc1cc(-c2c[nH]c3ncccc23)cc(Cl)n1)c1c(F)cccc1F,Ki,2511.89
CCCC(=O)Nc1cccc(-c2nc(Nc3ccc4[nH]ncc4c3)c3cc(OCCN4CCCC4)ccc3n2)c1,Ki,3162.28
Cc1cc(C(N)=O)n2nc(C(C)(C)C)cc2n1,Ki,50118.72
CC(C)(C)c1cc(NC(=O)Nc2cccc3ccccc23)n(-c2cccc(C(=O)NCCOCCO)c2)n1,Ki,1258.93
Cc1ccc(F)c(NC(=O)Nc2ccc(-c3ccc(OCCCn4cccc4)c4[nH]nc(N)c34)cc2)c1,Ki,1258.93
CC1CSc2c(C(=O)O)c(=O)c3cc(F)c(N4CCC(N)C4)c(F)c3n21,Ki,7943.28
Cc1cccc(Nc2nc(NC3CCCCC3N)cnc2C(N)=O)c1,Ki,158.49
Cn1cc(-c2cnn3c(N)c(-c4ccc(NC(=O)Nc5cccc(C(F)(F)F)c5)cc4)cnc23)cn1,Ki,7943.28
CCN1CCN(c2ccc(Nc3ncc(C#N)c(Nc4ccc5[nH]ncc5c4)n3)cc2)CC1,Ki,1258.93
COc1cc(N2CCC(N3CCN(C)CC3)CC2)ccc1Nc1ncc(Cl)c(Nc2ccccc2S(=O)(=O)C(C)C)n1,Ki,251.19
CCCS(=O)(=O)Nc1ccc(-c2ccc3[nH]nc(N)c3c2)cc1,Ki,2511.89
O=C1NCc2ccc(-c3ccc(Cl)cc3)cc21,Ki,50118.72
Cc1cnc(Nc2nc(NC(C)C)ncc2Br)s1,Ki,1258.93
CN1CCN(c2ccc(-c3cnc4c(c3)N(Cc3c(F)ccc(F)c3Cl)CCN4)cn2)CC1,Ki,1258.93
O=C(Nc1n[nH]c2ccc(-c3cn(Cc4ccccc4)nn3)cc12)c1ccc(F)cc1,Ki,1995.26
CC(C)Cn1c(N)nc2ccc(-c3c(-c4ccc(F)cc4)nc4sccn34)cc21,Ki,7943.28
NC(Cc1c[nH]c2ccccc12)C(=O)Nc1cncc(C=Cc2ccncc2)c1,Ki,12.59
O=C(NCc1ccccc1)c1ccc(-c2ccncc2)cc1,Ki,100.0
c1ccc(Cn2nnc(-c3ccc4[nH]ncc4c3)c2-c2ccccc2)cc1,Ki,31.62
FC(F)(F)c1ccccc1CNc1nccc(-c2c[nH]c3ncccc23)n1,Ki,63.1
O=C1NC(=S)SC1=C1C(=O)Nc2ccc(Br)cc21,Ki,7943.28
CC(Nc1cncc(-n2cnc3ccc(C#N)cc32)n1)c1ccccc1F,Ki,794.33
COc1cc(Nc2ncc([N+](=O)[O-])c(Nc3ccccc3C(N)=O)n2)cc(OC)c1OC,Ki,316.23
CS(=O)(=O)N(Cc1ccc2[nH]c(=O)c3cccn3c2c1)C1CC1,Ki,3981.07
COC(=O)c1ccccc1-c1ccc2c(c1)Nc1ccccc1NC2=O,Ki,7943.28
NCCCOc1cncc(C=Cc2ccncc2)c1,Ki,794.33
CN(C)c1ccc(-c2nc3sccn3c2-c2ccnc(Nc3cccc(N4CCOCC4)c3)n2)cc1NC(=O)Cc1ccccc1,Ki,1258.93
CCN(CC)CC#Cc1cnc(N)c2c(-c3ccc(NC(=O)Nc4cccc(C)c4)cc3)csc12,Ki,7943.28
c1nc(-c2ccc3c(c2)OCO3)c2cc[nH]c2n1,Ki,1584.89
O=C1Nc2cc(-c3ccc(O)cc3)ccc2C1=Cc1ccc[nH]1,Ki,1258.93
O=C(Nc1cccc(C2Nc3ccc4ccccc4c3C3C=CCC32)c1)c1ccc(F)cc1,Ki,1258.93
COc1ccc(CNc2c(Nc3ccc4[nH]ncc4c3)c(=O)c2=O)cc1,Ki,7943.28
CCN(CC)CCNC(=O)c1cccc(-n2nc(C(C)(C)C)cc2NC(=O)Nc2cccc3ccccc23)c1,Ki,316.23
Nc1ncnc2scc(-c3ccc(NC(=O)Nc4ccccc4)cc3)c12,Ki,7943.28
CCCC(=O)Nc1nn(C(=O)CC)c2nc3ccccc3cc12,Ki,7943.28
COc1cccc(C(C)NC(=O)c2cc(C)c(-c3ccc4[nH]nc(C)c4c3)s2)c1,Ki,1258.93
C#Cc1cn(C2CCCC2)c2ncnc(N)c12,Ki,794.33
CC(C)c1nnc2ccc(-c3c(-c4ccc(F)cc4F)nc4n3CCC4)nn12,Ki,7943.28
CC(C)(O)c1nnc2ccc(-c3c(-c4ccc(F)cc4F)nc4n3CCC4)nn12,Ki,7943.28
COCc1nnn(-c2nonc2N)c1C(=O)NN=C(C)c1ccc(O)cc1O,Ki,19.95
Cc1ccccc1-c1c(-c2ccc3[nH]nc(C)c3c2)nnn1Cc1ccccc1,Ki,3.981
Cc1c(O)cccc1NC(=O)c1cnn2c(-c3ccccc3)ccnc12,Ki,7943.28
CCc1c(-c2ccc(C(C)(C)O)cc2)[nH]c2nccnc12,Ki,3981.07
O=C(Nc1cccc(C(F)(F)F)n1)Nc1ccnc2cc(Cl)ccc12,Ki,1258.93
Cc1ccc(CNc2c(Nc3ccncc3)c(=O)c2=O)cc1,Ki,1000.0
CN1CCN(Cc2ccc3c(c2)Cc2c(-c4csc(C#CCOCC5CC5)c4)n[nH]c2-3)CC1,Ki,7943.28
NCC1CCC(CNc2nc(NCc3ccccc3Cl)ncc2[N+](=O)[O-])CC1,Ki,5011.87
Cc1cc(O)ccc1-n1cc(C(N)=O)c(=O)c2ccc(-c3ccncc3)cc21,Ki,1258.93
COc1ccc2c(c1)c(-c1cc3nc(Br)cnc3[nH]1)cn2C,Ki,1258.93
O=C1Nc2ccc3ncsc3c2C1=CNc1ccc(S(=O)(=O)Nc2ccccn2)cc1,Ki,3981.07
CN(C)CC(=O)NC1CCCC(Nc2nc(Cl)cc(-c3c[nH]c4ncccc34)n2)C1,Ki,39.81
Cc1ccc(F)c(NC(=O)Nc2ccc(-c3ccc4nccnc4c3N)cc2)c1,Ki,7943.28
CC(C)S(=O)(=O)n1c(N)nc2ccc(-c3c(-c4ccc(F)cc4)nc4sccn34)cc21,Ki,7943.28
O=C(Cc1ccccc1)Nc1cc(-c2nc3sccn3c2-c2ccnc(Nc3cccc(N4CCOCC4)c3)n2)ccc1Cl,Ki,1258.93
c1ccc(-c2cccc3nccn23)cc1,Ki,10000.0
Cc1cc(Nc2cc(N3CCN(C)CC3)nc(Sc3ccc(NC(=O)C4CC4)cc3)n2)n[nH]1,Ki,3981.07
O=C(Nc1ccc(-c2ccc(=O)[nH]n2)cc1)Nc1cccc(C(F)(F)F)c1,Ki,1258.93
Cc1ccccc1Nc1nccc(-c2c(-c3cccc(NC(=O)Cc4ccccc4)c3)nc3sccn23)n1,Ki,1258.93
Clc1cc(-c2c[nH]c3ncccc23)nc(NC2CCCCC2)n1,Ki,251.19
CC(C)N(C(=O)Nc1ccc2nc(-c3ccco3)c(-c3ccco3)nc2c1)C(C)C,Ki,7943.28
COc1cc(Nc2ncc(F)c(Nc3ccc4c(n3)NC(=O)C(C)(C)O4)n2)cc(OC)c1OC,Ki,251.19
OC1CCC(Nc2cc(Cl)nc(-c3c[nH]c4ncccc34)n2)CC1,Ki,125.89
Nc1ncnc2c1N=C(c1ccccc1)CCN2,Ki,12589.25
CC(C)COc1nccn2c(-c3ccnc(NCC(C)(C)CO)n3)c(-c3ccc(F)cc3)nc12,Ki,3981.07
CS(=O)(=O)Nc1cc2c(cc1Cl)NC(=O)Nc1cnc(C#N)c(n1)OCCCCCO2,Ki,7943.28
O=C(Nc1cnc2[nH]cc(-c3ccccc3)c2c1)c1ccc(Cl)cc1,Ki,7943.28
COc1cccc(CNC(=O)c2ccc(-c3ccncc3)cc2)c1,Ki,39.81
Cc1cccc(NC(=O)Nc2ccc(-c3cccc4[nH]ncc34)cc2)c1,Ki,7943.28
Oc1cc(O)cc(C=Cc2ccc(O)c(O)c2)c1,Ki,1584.89
CS(=O)(=O)NC1CCC(Nc2nc(Cl)cc(-c3c[nH]c4ncccc34)n2)CC1,Ki,50.12
COCCn1cc(-c2ccncn2)c(-c2ccc(Cl)cc2)n1,Ki,7943.28
c1ccc(CSc2nc(-c3ccncc3)n[nH]2)cc1,Ki,7943.28
Nc1n[nH]c2nc(Cl)sc12,Ki,31622.78
O=C(O)c1ccccc1Nc1ncnc(Nc2cccc(F)c2)n1,Ki,3981.07
Nc1ncc(-c2ccoc2)c2scc(-c3ccc(NC(=O)Nc4ccccc4F)cc3)c12,Ki,7943.28
COc1c(-c2nc3ccccc3[nH]2)c(O)cc2oc(C)cc(=O)c12,Ki,501.19
CC(C)(O)c1cn(-c2ccc3[nH]ncc3c2)nn1,Ki,10000.0
Cc1ccc(-c2cc(-c3cc(Br)ccc3O)[nH]c(=O)c2C#N)s1,Ki,251.19
CC(C)(C)c1cc(NC(=O)C(=O)c2cccc3ccccc23)n(-c2cccc(OCC(=O)O)c2)n1,Ki,1258.93
CC(C)(O)CNc1cc(-c2c[nH]c3ncccc23)cc(Cl)n1,Ki,316.23
Cc1cncc2cccc(S(=O)(=O)N3CCCNCC3C)c12,Ki,199.53
O=C(CO)N1CCC(c2[nH]nc(-c3ccc(Cl)cc3F)c2-c2ccncn2)CC1,Ki,1258.93
CS(=O)(=O)c1ccc(-c2cncc3sc(C(N)=O)cc23)cc1,Ki,7943.28
Clc1cc(-c2c[nH]c3ncccc23)ncn1,Ki,1258.93
CNc1nccn2c(-c3ccnc(NCC(C)(C)CO)n3)c(-c3ccc(F)cc3)nc12,Ki,7943.28
COc1ccc(OC)c(NC(=O)c2cnn3c(-c4ccccc4)ccnc23)c1,Ki,7943.28
NC(=O)c1cccc2[nH]c(-c3ccc(NC(=O)c4cccc(S(=O)(=O)N5CCOCC5)c4)cc3)nc12,Ki,7943.28
O=C(Nc1cccc(-c2nc3sccn3c2-c2ccnc(Nc3cccc(N4CCCC4=O)c3)n2)c1)c1c(F)cccc1F,Ki,7943.28
NC(=O)c1cc2c(-c3cccc(F)c3)cncc2s1,Ki,5011.87
NC(=O)c1cccc2[nH]c(-c3ccncc3)nc12,Ki,3981.07
Fc1ccc(-c2nc3cnccn3c2-c2ccnc(NCC3CC3)n2)cc1,Ki,7943.28
Nc1cc(-c2c[nH]c3ncccc23)cc(Cl)n1,Ki,158.49
O=C(NCC1CCCCC1)c1cc2c(-c3ccccc3)n[nH]c2s1,Ki,7943.28
CCS(=O)(=O)c1ccc(-c2cncc3sc(C(N)=O)cc23)cc1,Ki,7943.28
Cc1cccc(NC(=O)Nc2ccc(-c3cccc4c3CNC4=O)cc2C)c1,Ki,7943.28
CC1=NN(c2ccc(Cl)c(Cl)c2)C(=O)C1=Cc1c(C)c(C#N)c2nc3ccccc3n2c1O,Ki,7943.28
Cc1cccc(NC(=O)Nc2ccc(-c3cccc4[nH]nc(N)c34)cc2)c1,Ki,2511.89
NC(COc1cncc(C=Cc2ccncc2)c1)Cc1c[nH]c2ccccc12,Ki,31.62
Cc1cc(OC2CCCC2)c(NC(=O)Nc2cnc(C#N)cn2)cc1Cl,Ki,7943.28
C[S+]([O-])c1ccc(-c2nc(-c3ccc(F)cc3)c(-c3ccncc3)[nH]2)cc1,Ki,2511.89
CS(=O)(=O)NC1CCC(Nc2cc(Cl)nc(-c3c[nH]c4ncccc34)n2)CC1,Ki,63.1
O=C(NC(CO)c1ccccc1)N1CC=C(c2c[nH]c3ncccc23)CC1,Ki,125.89
CC(C)Cc1nc(Nc2ccc(N3CCOCC3)c(Cl)c2)nc2[nH]ccc12,Ki,1258.93
CC(C)(C)OC(=O)n1ncc2cc(Nc3c(NCc4ccc(S(N)(=O)=O)cc4)c(=O)c3=O)ccc21,Ki,7943.28
NCCn1cc(-c2cc(-c3cc4ccccc4s3)c3[nH]ncc3c2)c2nc(N)ncc21,Ki,50.12
CC(=O)c1ccccc1-c1ncnc2[nH]ccc12,Ki,15848.93
COc1cc(-c2nn(C3CCC(N4CCN(C(C)=O)CC4)CC3)c3ncnc(N)c23)ccc1NC(=O)c1cc2ccccc2n1C,Ki,7943.28
CC(=O)N(c1ccncc1)c1c(NC(C)C(C)(C)C)c(=O)c1=O,Ki,7943.28
c1cnc2nc(-c3ccc4[nH]ncc4c3)c(NC3CCCCC3)n2c1,Ki,251.19
CCCCNc1nc(N)c(C(=O)c2ccccc2)s1,Ki,1258.93
CN1CCC1COc1cncc(CCc2ccncc2)c1,Ki,7943.28
CCCc1cc(-c2ccc3[nH]ncc3c2)on1,Ki,7943.28
Cc1n[nH]c2ccc(-c3cncc(OCC(N)Cc4c[nH]c5ccccc45)c3)cc12,Ki,5.012
Nc1ncc(-c2cnn(CCO)c2)c2scc(-c3ccc(NC(=O)Nc4ccc(OC(F)F)cc4)cc3)c12,Ki,1258.93
NC1CCC(Nc2nc(Cl)cc(-c3c[nH]c4ncccc34)n2)CC1,Ki,7.943
Cc1cccc(Nc2nccc(Nc3c(NC(C)C(C)(C)C)c(=O)c3=O)n2)c1,Ki,7943.28
COc1cc(C=O)c(Cl)cc1NC(=O)Nc1cnc(C#N)cn1,Ki,7943.28
CC(C)c1nnc2ccc(-c3c(-c4ccc(F)cc4F)nc4occn34)nn12,Ki,7943.28
CC(=O)N1CCC(Nc2nccc(-c3c(-c4ccc(F)cc4)nc4occn34)n2)CC1,Ki,7943.28
O=C1Nc2cc(CCOc3ccc(N4CCOCC4)cc3)ccc2Nc2cc(-c3cn(Cc4cc(F)c(F)c(F)c4)c4cnccc34)ccc21,Ki,3981.07
O=c1nc(-c2ccc3[nH]ncc3c2)cc(-c2ccccc2)[nH]1,Ki,7943.28
COc1cccc(C(C)NC(=O)c2cnc(-c3ccncc3)nc2)c1,Ki,125.89
Cn1c(=O)c(Oc2ccc(F)cc2F)cc2cnc(NC3CCOCC3)nc21,Ki,7943.28
CN1CCN(c2ccc(Nc3nc(N)c(C(=O)c4c(Cl)cccc4Cl)s3)cc2)CC1,Ki,1258.93
O=C1NCc2c1cccc2-c1ccc(Nc2nc3ccccc3[nH]2)cc1,Ki,7943.28
Cc1nn(C)c2sc3c(=O)[nH]cnc3c12,Ki,50118.72
CCN(CCCOc1ccc2c(Nc3cc(CC(=O)Nc4cccc(F)c4)[nH]n3)ncnc2c1)CCOP(=O)(O)O,Ki,1258.93
CC(NC(=O)c1ccc(-c2ccncc2)cc1)c1ccccc1,Ki,39.81
CCN1C(=O)N(C)c2cnc(Nc3ccc(C(=O)NC4CCN(C)CC4)cc3OC)nc2N1C1CCCC1,Ki,7943.28
Nc1n[nH]c2ccc(-c3cc(Cc4ccccc4)no3)cc12,Ki,316.23
Cc1cccc(NC(=O)Nc2ccc(-c3noc4ncnc(N)c34)cc2)c1,Ki,7943.28
Cc1cccc(NC(=O)Nc2ccc(-c3csc4c(C#CCN5CCOCC5)cnc(N)c34)cc2)c1,Ki,7943.28
O=C(NCCCCCCNC(=O)NCc1cccnc1)NCc1cccnc1,Ki,7943.28
CC(=O)Nc1ccc(-n2nc3ccc(N)nc3n2)cc1,Ki,1258.93
COc1ccc(NC(=O)Nc2ccc(-c3cccc4onc(N)c34)cc2)cc1Cl,Ki,7943.28
O=C1Nc2ccccc2Nc2nnccc21,Ki,7943.28
COc1cccc(C(C)NC(=O)c2ccc(-c3ccncc3C)cc2)c1,Ki,25.12
O=C1Nc2ccccc2Nc2nnc(Cl)cc21,Ki,7943.28
NC1CCC(Nc2nc(Cl)cc(-c3c[nH]c4ncccc34)n2)CC1,Ki,7.943
CCOC(=O)c1ccc2[nH]c3c(c2c1)CCNC3=O,Ki,7943.28
Cc1cccc(NC(=O)Nc2ccc(-c3cccc4c3CNC4=O)cc2)c1,Ki,7943.28
CN1CCC(NC(=O)c2cc3c(-c4ccccc4)n[nH]c3s2)CC1,Ki,7943.28
CS(=O)(=O)CCNCc1ccc(-c2ccc3ncnc(Nc4ccc(OCc5cccc(F)c5)c(Cl)c4)c3c2)o1,Ki,1258.93
O=S(=O)(Nc1ccc2c(c1)C(=NO)c1ccccc1-2)c1cccc(Br)c1,Ki,1258.93
Clc1cc(-c2c[nH]c3ncccc23)cc(NCc2ccccc2)n1,Ki,19.95
COc1cc(Nc2nccc(Nc3cc(C4CCCCC4)no3)n2)cc(OC)c1OC,Ki,7943.28
COc1cc(OC)c(Nc2ccc3nnc(-c4ccccc4)n3n2)cc1Cl,Ki,7943.28
O=C(NC(CCO)c1ccccc1)c1ccc(-c2ccncc2)cc1,Ki,31.62
O=c1c(NCc2cccc(C(F)(F)F)c2)c(Nc2ccncc2)c1=O,Ki,251.19
Nc1ncnc2sccc12,Ki,31622.78
c1ccc(Cc2cn(-c3ccc4[nH]ncc4c3)nn2)cc1,Ki,1584.89
O=C(Cc1ccc(-c2cccnc2)cc1)Nc1ccc(SC(F)F)cc1,Ki,1258.93
C#Cc1cc2c(cc1OC)-c1[nH]nc(-c3ccc(C#N)nc3)c1C2,Ki,7943.28
COc1cccc(C=C2SC(=Nc3ccccc3)NC2=O)c1,Ki,7943.28
Nc1n[nH]c2ccc(-c3nnn(Cc4ccccc4)c3-c3ccc(F)cc3)cc12,Ki,50.12
NC(=O)c1ccc(-c2ccncc2)cc1NCc1ccccc1,Ki,7943.28
Cc1cc(C)cc(NC(=O)Nc2ccc(-c3cccc4c3CNC4=O)c(C)c2)c1,Ki,7943.28
Brc1cnc2[nH]cc(-c3ccccc3)c2c1,Ki,7943.28
CC(=O)OCCn1nc(-c2cccc(Br)c2)c2c(C(F)(F)F)cc(=O)[nH]c21,Ki,1258.93
Fc1ccc(-c2nc(-c3ccc(F)cc3)c(-c3ccncc3)[nH]2)cc1,Ki,7943.28
O=C(Cc1ccc(OC(F)(F)F)cc1)N1CCC2(CC1)NCCc1c2[nH]c2ccccc12,Ki,1258.93
Cc1nccn2c(-c3ccnc(NCC(C)(C)CO)n3)c(-c3ccc(F)cc3F)nc12,Ki,1995.26
Nc1ncnc2scc(C(=O)Nc3ccc(NC(=O)Nc4ccccc4)cc3)c12,Ki,7943.28
Nc1ncnc2c1N=C(c1ccc(NC(=O)Nc3cccc(C(F)(F)F)c3)cc1)CCN2,Ki,7943.28
NC(=O)c1c(OCc2c(F)cc(Br)cc2F)nsc1NC(=O)NCCCCN1CCCC1,Ki,2511.89
Cc1n[nH]c2ncc(C#N)c(-c3ccccc3)c12,Ki,794.33
CSc1ccc2nc3c(c(Cl)c2c1)CCNC3=O,Ki,7943.28
Nc1nc2ccc(-c3c(-c4ccc(F)cc4)nc4sccn34)cc2n1CC1CC1,Ki,7943.28
CN(C)CC(=O)NC(COc1cncc(-c2ccc3cnccc3c2)c1)Cc1c[nH]c2ccccc12,Ki,630.96
CC(=O)c1c(C)c2cnc(Nc3ccc(N4CCNCC4)cn3)nc2n(C2CCCC2)c1=O,Ki,1258.93
CCCOc1cccc(C(C)NC(=O)c2ccc(-c3ccncc3)cc2)c1,Ki,1258.93
O=C(O)c1ccccc1Nc1ccnc(Nc2ccc3[nH]ncc3c2)n1,Ki,3981.07
CCOc1nc(NC(C)=O)cc(N)c1C#N,Ki,7943.28
N#CC1=C(c2ccccc2)CC(c2ccc(Cl)cc2)C(C(=O)c2ccccc2)C1=O,Ki,1258.93
Cc1cc(C)cc(NC(=O)Nc2ccc(NC(=O)c3csc4ncnc(N)c34)cc2)c1,Ki,7943.28
c1cnc2[nH]cc(-c3ccnc(NC4CCCCC4)n3)c2c1,Ki,50.12
COc1cc(Nc2ncnc3ccc(-c4ccc(CN5CC6C(CO)C6C5)cc4)cc23)ccc1Oc1ccccc1,Ki,7943.28
COc1cc(C(=O)O)c(Cl)cc1NC(=O)Nc1cnc(C#N)cn1,Ki,7943.28
Clc1ccc(-c2n[nH]cc2-c2ccncn2)cc1Cl,Ki,6309.57
CNS(=O)(=O)c1ccccc1Nc1nc(Nc2cc(N3CCN(C(C)=O)CC3)ccc2OC)ncc1Br,Ki,1258.93
NC(Cc1cccc2ccccc12)C(=O)Nc1cncc(C=Cc2ccncc2)c1,Ki,199.53
Nc1nccc2scc(-c3ccc(NC(=O)Nc4cccc(Cl)c4)cc3)c12,Ki,7943.28
O=C1NCCc2[nH]c(-c3ccnc(-c4ccccc4F)c3)cc21,Ki,7943.28
CN(C)C(=O)c1c(-c2ccc3[nH]ncc3c2)nnn1Cc1ccccc1,Ki,316.23
CC1CCN(C(=O)CC#N)CC1c1ncc2cnc3[nH]ccc3n12,Ki,501.19
Cc1nccn2c(-c3ccnc(NCC4(O)CC4)n3)c(-c3ccc(F)cc3F)nc12,Ki,7943.28
CC#Cc1ccc2nccc(NC(=O)Nc3cccc(C(F)(F)F)n3)c2c1,Ki,1258.93
O=C(NCCCCCCNC(=O)Nc1cccnc1)Nc1cccnc1,Ki,7943.28
O=C1NC(=O)c2c1c(-c1ccccc1Cl)cc1[nH]c3ccc(O)cc3c21,Ki,501.19
Cc1nnc(-c2cc3c(Oc4ccc(C(F)(F)F)cc4)cncc3s2)o1,Ki,7943.28
N#Cc1ccc2[nH]c(O)c(-c3ccc(CN4CCOCC4)cn3)c2c1,Ki,3162.28
NC(COc1cc(C=Cc2ccncc2)cnc1Cl)Cc1c[nH]c2ccccc12,Ki,50.12
Cc1cccc(NC(=O)Nc2ccc(-c3csc4c(C#CC(C)(C)N)cnc(N)c34)cc2)c1,Ki,7943.28
COc1ccc2c(c1)c(-c1cc3nccnc3[nH]1)cn2C,Ki,1258.93
CCC(CO)Nc1nc(NCc2ccccc2)c2ncn(C(C)C)c2n1,Ki,7943.28
OCCNc1cc(-c2c[nH]c3ncccc23)cc(Cl)n1,Ki,158.49
Cn1cc(C(CN)c2cncc(C=Cc3ccncc3)c2)c2ccccc21,Ki,50.12
CCCCOc1ncnc2[nH]cc(-c3ccccc3)c12,Ki,1000.0
CCOc1nc(C(=O)NCc2ccc(S(N)(=O)=O)cc2)cc(N)c1C#N,Ki,7943.28
COc1cc(Nc2ncc3c(n2)-c2ccc(Cl)cc2C(c2c(F)cccc2OC)=NC3)ccc1C(=O)O,Ki,630.96
C=CCNc1cc(-c2c[nH]c3ncccc23)cc(Cl)n1,Ki,398.11
